,treatment,environment,Languages,Consonantal +/−,Grapheme,IPA,IPA key,Lateral +/−,Manner of articulation,Place of articulation,Place value,Sibilant +/−,Sonority value,Voice +/−,version
0,B-,"#_{a,O}",BR POR,+,b,b,2,−,P,B,3,−,4,+,1.0
1,B-,"#_{a,O}",AMR ESP,+,b,b,2,−,P,B,3,−,4,+,1.0
2,B-,"#_{a,O}",LAT,+,B,b,2,−,P,B,3,−,4,+,1.0
3,B-,"#_{a,O}",CAT,+,b,b,2,−,P,B,3,−,4,+,1.0
4,B-,"#_{a,O}",VAL,+,b,b,2,−,P,B,3,−,4,+,1.0
5,B-,"#_{a,O}",BAL,+,b,b,2,−,P,B,3,−,4,+,1.0
6,B-,"#_{a,O}",OCC,+,b,b,2,−,P,B,3,−,4,+,1.0
7,B-,"#_{a,O}",GAS OCC,+,b,b,2,−,P,B,3,−,4,+,1.0
8,B-,"#_{a,O}",EU FRA,+,b,b,2,−,P,B,3,−,4,+,1.0
9,B-,"#_{a,O}",QBC FRA,+,b,b,2,−,P,B,3,−,4,+,1.0
10,B-,"#_{a,O}",WAL,+,b,b,2,−,P,B,3,−,4,+,1.0
11,B-,"#_{a,O}",ARP,+,b,b,2,−,P,B,3,−,4,+,1.0
12,B-,"#_{a,O}",LIG,+,b,b,2,−,P,B,3,−,4,+,1.0
13,B-,"#_{a,O}",EU POR,+,b,b,2,−,P,B,3,−,4,+,1.0
14,B-,"#_{a,O}",LMO,+,b,b,2,−,P,B,3,−,4,+,1.0
15,B-,"#_{a,O}",RMH,+,b,b,2,−,P,B,3,−,4,+,1.0
16,B-,"#_{a,O}",FUR,+,b,b,2,−,P,B,3,−,4,+,1.0
17,B-,"#_{a,O}",LOG SRD,+,b,b,2,−,P,B,3,−,4,+,1.0
18,B-,"#_{a,O}",CPN SRD,+,b,b,2,−,P,B,3,−,4,+,1.0
19,B-,"#_{a,O}",COR,+,b,b,2,−,P,B,3,−,4,+,1.0
20,B-,"#_{a,O}",ITA,+,b,b,2,−,P,B,3,−,4,+,1.0
21,B-,"#_{a,O}",ABR,,v?,,,,,,,,,,1.0
22,B-,"#_{a,O}",CAM,,v?,,,,,,,,,,1.0
23,B-,"#_{a,O}",PGL,,v?,,,,,,,,,,1.0
24,B-,"#_{a,O}",SCN,,v?,,,,,,,,,,1.0
25,B-,"#_{a,O}",VEN,+,b,b,2,−,P,B,3,−,4,+,1.0
26,B-,"#_{a,O}",ARO,+,b,b,2,−,P,B,3,−,4,+,1.0
27,B-,"#_{a,O}",ROM,+,b,b,2,−,P,B,3,−,4,+,1.0
28,B-,"#_{a,O}",GAL,+,b,b,2,−,P,B,3,−,4,+,1.0
29,B-,"#_{a,O}",ASL,+,b,b,2,−,P,B,3,−,4,+,1.0
30,B-,"#_{a,O}",CAS ESP,+,b,b,2,−,P,B,3,−,4,+,1.0
31,B-,"#_{a,O}",AND ESP,+,b,b,2,−,P,B,3,−,4,+,1.0
32,B-,"#_{a,O}",ARG,+,b,b,2,−,P,B,3,−,4,+,1.0
0,B-,#_E,BR POR,+,b,b,2,−,P,B,3,−,4,+,1.0
1,B-,#_E,AMR ESP,+,b,b,2,−,P,B,3,−,4,+,1.0
2,B-,#_E,LAT,+,B,b,2,−,P,B,3,−,4,+,1.0
3,B-,#_E,CAT,+,b,b,2,−,P,B,3,−,4,+,1.0
4,B-,#_E,VAL,+,b,b,2,−,P,B,3,−,4,+,1.0
5,B-,#_E,BAL,+,b,b,2,−,P,B,3,−,4,+,1.0
6,B-,#_E,OCC,+,b,b,2,−,P,B,3,−,4,+,1.0
7,B-,#_E,GAS OCC,+,b,b,2,−,P,B,3,−,4,+,1.0
8,B-,#_E,EU FRA,+,b,b,2,−,P,B,3,−,4,+,1.0
9,B-,#_E,QBC FRA,+,b,b,2,−,P,B,3,−,4,+,1.0
10,B-,#_E,WAL,+,b,b,2,−,P,B,3,−,4,+,1.0
11,B-,#_E,ARP,+,b,b,2,−,P,B,3,−,4,+,1.0
12,B-,#_E,LIG,+,b,b,2,−,P,B,3,−,4,+,1.0
13,B-,#_E,EU POR,+,b,b,2,−,P,B,3,−,4,+,1.0
14,B-,#_E,LMO,+,b,b,2,−,P,B,3,−,4,+,1.0
15,B-,#_E,RMH,+,b,b,2,−,P,B,3,−,4,+,1.0
16,B-,#_E,FUR,+,b,b,2,−,P,B,3,−,4,+,1.0
17,B-,#_E,LOG SRD,+,b,b,2,−,P,B,3,−,4,+,1.0
18,B-,#_E,CPN SRD,+,b,b,2,−,P,B,3,−,4,+,1.0
19,B-,#_E,COR,+,b,b,2,−,P,B,3,−,4,+,1.0
20,B-,#_E,ITA,+,b,b,2,−,P,B,3,−,4,+,1.0
21,B-,#_E,ABR,,v?,,,,,,,,,,1.0
22,B-,#_E,CAM,,v?,,,,,,,,,,1.0
23,B-,#_E,PGL,,v?,,,,,,,,,,1.0
24,B-,#_E,SCN,,v?,,,,,,,,,,1.0
25,B-,#_E,VEN,+,b,b,2,−,P,B,3,−,4,+,1.0
26,B-,#_E,ARO,+,b,b,2,−,P,B,3,−,4,+,1.0
27,B-,#_E,ROM,+,b,b,2,−,P,B,3,−,4,+,1.0
28,B-,#_E,GAL,+,b,b,2,−,P,B,3,−,4,+,1.0
29,B-,#_E,ASL,+,b,b,2,−,P,B,3,−,4,+,1.0
30,B-,#_E,CAS ESP,+,b,b,2,−,P,B,3,−,4,+,1.0
31,B-,#_E,AND ESP,+,b,b,2,−,P,B,3,−,4,+,1.0
32,B-,#_E,ARG,+,b,b,2,−,P,B,3,−,4,+,1.0
0,T-,#_E,BR POR,+,t,t̪,5,−,P,D,1.6666666666666667,−,4,−,1.0
1,T-,#_E,AMR ESP,+,t,t̪,5,−,P,D,1.6666666666666667,−,4,−,1.0
2,T-,#_E,LAT,+,T,t̪,5,−,P,D,1.6666666666666667,−,4,−,1.0
3,T-,#_E,CAT,+,t,t̪,5,−,P,D,1.6666666666666667,−,4,−,1.0
4,T-,#_E,VAL,+,t,t̪,5,−,P,D,1.6666666666666667,−,4,−,1.0
5,T-,#_E,BAL,+,t,t̪,5,−,P,D,1.6666666666666667,−,4,−,1.0
6,T-,#_E,OCC,+,t,t̪,5,−,P,D,1.6666666666666667,−,4,−,1.0
7,T-,#_E,GAS OCC,+,t,t̪,5,−,P,D,1.6666666666666667,−,4,−,1.0
8,T-,#_E,EU FRA,+,t,t̪,5,−,P,D,1.6666666666666667,−,4,−,1.0
9,T-,#_E,QBC FRA,+,t,t̪,5,−,P,D,1.6666666666666667,−,4,−,1.0
10,T-,#_E,WAL,+,t,t̪,5,−,P,D,1.6666666666666667,−,4,−,1.0
11,T-,#_E,ARP,+,t,t̪,5,−,P,D,1.6666666666666667,−,4,−,1.0
12,T-,#_E,LIG,,t,,,,,,,,,,1.0
13,T-,#_E,EU POR,+,t,t̪,5,−,P,D,1.6666666666666667,−,4,−,1.0
14,T-,#_E,LMO,+,t,t̪,5,−,P,D,1.6666666666666667,−,4,−,1.0
15,T-,#_E,RMH,+,t,t̪,5,−,P,D,1.6666666666666667,−,4,−,1.0
16,T-,#_E,FUR,+,t,t̪,5,−,P,D,1.6666666666666667,−,4,−,1.0
17,T-,#_E,LOG SRD,+,t,t̪,5,−,P,D,1.6666666666666667,−,4,−,1.0
18,T-,#_E,CPN SRD,+,t,t̪,5,−,P,D,1.6666666666666667,−,4,−,1.0
19,T-,#_E,COR,+,t,t̪,5,−,P,D,1.6666666666666667,−,4,−,1.0
20,T-,#_E,ITA,+,t,t̪,5,−,P,D,1.6666666666666667,−,4,−,1.0
21,T-,#_E,ABR,,t,,,,,,,,,,1.0
22,T-,#_E,CAM,+,t,t̪,5,−,P,D,1.6666666666666667,−,4,−,1.0
23,T-,#_E,PGL,,t,,,,,,,,,,1.0
24,T-,#_E,SCN,+,t,t̪,5,−,P,D,1.6666666666666667,−,4,−,1.0
25,T-,#_E,VEN,+,t,t̪,5,−,P,D,1.6666666666666667,−,4,−,1.0
26,T-,#_E,ARO,+,t,t̪,5,−,P,D,1.6666666666666667,−,4,−,1.0
27,T-,#_E,ROM,+,t,t̪,5,−,P,D,1.6666666666666667,−,4,−,1.0
29,T-,#_E,ARO,+,ts,t͡s̪,26,−,P͡F,D,1.3333333333333333,+,3,−,2.0
30,T-,#_E,ROM,+,ț,t͡s̪,26,−,P͡F,D,1.3333333333333333,+,3,−,2.0
32,T-,#_E,BR POR,+,t,t̠͡ʃ,34,−,P͡F,Ɉ,-0.5,+,3,−,2.0
33,T-,#_E,QBC FRA,+,t,t͡s̪,26,−,P͡F,D,1.3333333333333333,+,3,−,2.0
34,T-,#_E,GAL,+,t,t̪,5,−,P,D,1.6666666666666667,−,4,−,1.0
35,T-,#_E,ASL,+,t,t̪,5,−,P,D,1.6666666666666667,−,4,−,1.0
36,T-,#_E,CAS ESP,+,t,t̪,5,−,P,D,1.6666666666666667,−,4,−,1.0
37,T-,#_E,AND ESP,+,t,t̪,5,−,P,D,1.6666666666666667,−,4,−,1.0
38,T-,#_E,ARG,+,t,t̪,5,−,P,D,1.6666666666666667,−,4,−,1.0
0,T-,"#_{a,O}",BR POR,+,t,t̪,5,−,P,D,1.6666666666666667,−,4,−,1.0
1,T-,"#_{a,O}",AMR ESP,+,t,t̪,5,−,P,D,1.6666666666666667,−,4,−,1.0
2,T-,"#_{a,O}",LAT,+,T,t̪,5,−,P,D,1.6666666666666667,−,4,−,1.0
3,T-,"#_{a,O}",CAT,+,t,t̪,5,−,P,D,1.6666666666666667,−,4,−,1.0
4,T-,"#_{a,O}",VAL,+,t,t̪,5,−,P,D,1.6666666666666667,−,4,−,1.0
5,T-,"#_{a,O}",BAL,+,t,t̪,5,−,P,D,1.6666666666666667,−,4,−,1.0
6,T-,"#_{a,O}",OCC,+,t,t̪,5,−,P,D,1.6666666666666667,−,4,−,1.0
7,T-,"#_{a,O}",GAS OCC,+,t,t̪,5,−,P,D,1.6666666666666667,−,4,−,1.0
8,T-,"#_{a,O}",EU FRA,+,t,t̪,5,−,P,D,1.6666666666666667,−,4,−,1.0
9,T-,"#_{a,O}",QBC FRA,+,t,t̪,5,−,P,D,1.6666666666666667,−,4,−,1.0
10,T-,"#_{a,O}",WAL,+,t,t̪,5,−,P,D,1.6666666666666667,−,4,−,1.0
11,T-,"#_{a,O}",ARP,+,t,t̪,5,−,P,D,1.6666666666666667,−,4,−,1.0
12,T-,"#_{a,O}",LIG,,,,,,,,,,,,1.0
13,T-,"#_{a,O}",EU POR,+,t,t̪,5,−,P,D,1.6666666666666667,−,4,−,1.0
14,T-,"#_{a,O}",LMO,+,t,t̪,5,−,P,D,1.6666666666666667,−,4,−,1.0
15,T-,"#_{a,O}",RMH,+,t,t̪,5,−,P,D,1.6666666666666667,−,4,−,1.0
16,T-,"#_{a,O}",FUR,+,t,t̪,5,−,P,D,1.6666666666666667,−,4,−,1.0
17,T-,"#_{a,O}",LOG SRD,+,t,t̪,5,−,P,D,1.6666666666666667,−,4,−,1.0
18,T-,"#_{a,O}",CPN SRD,+,t,t̪,5,−,P,D,1.6666666666666667,−,4,−,1.0
19,T-,"#_{a,O}",COR,,,,,,,,,,,,1.0
20,T-,"#_{a,O}",ITA,+,t,t̪,,−,P,D,1.6666666666666667,−,4,−,1.0
21,T-,"#_{a,O}",ABR,,,,,,,,,,,,1.0
22,T-,"#_{a,O}",CAM,+,t,t̪,5,−,P,D,1.6666666666666667,−,4,−,1.0
23,T-,"#_{a,O}",PGL,,,,,,,,,,,,1.0
24,T-,"#_{a,O}",SCN,+,t,t̪,5,−,P,D,1.6666666666666667,−,4,−,1.0
25,T-,"#_{a,O}",VEN,+,t,t̪,5,−,P,D,1.6666666666666667,−,4,−,1.0
26,T-,"#_{a,O}",ARO,+,t,t̪,5,−,P,D,1.6666666666666667,−,4,−,1.0
27,T-,"#_{a,O}",ROM,+,t,t̪,,−,P,D,1.6666666666666667,−,4,−,1.0
29,T-,"#_{a,O}",QBC FRA,+,t,t͡s̪,26,−,P͡F,D,1.3333333333333333,+,3,−,2.0
30,T-,"#_{a,O}",GAL,+,t,t̪,5,−,P,D,1.6666666666666667,−,4,−,1.0
31,T-,"#_{a,O}",ASL,+,t,t̪,5,−,P,D,1.6666666666666667,−,4,−,1.0
32,T-,"#_{a,O}",CAS ESP,+,t,t̪,5,−,P,D,1.6666666666666667,−,4,−,1.0
33,T-,"#_{a,O}",AND ESP,+,t,t̪,5,−,P,D,1.6666666666666667,−,4,−,1.0
34,T-,"#_{a,O}",ARG,+,t,t̪,5,−,P,D,1.6666666666666667,−,4,−,1.0
0,D-,#_E,BR POR,+,d,d̪,6,−,P,D,1.6666666666666667,−,4,+,1.0
1,D-,#_E,AMR ESP,+,d,d̪,6,−,P,D,1.6666666666666667,−,4,+,1.0
2,D-,#_E,LAT,+,D,d̪,6,−,P,D,1.6666666666666667,−,4,+,1.0
3,D-,#_E,CAT,+,d,d̪,6,−,P,D,1.6666666666666667,−,4,+,1.0
4,D-,#_E,VAL,+,d,d̪,6,−,P,D,1.6666666666666667,−,4,+,1.0
5,D-,#_E,BAL,+,d,d̪,6,−,P,D,1.6666666666666667,−,4,+,1.0
6,D-,#_E,OCC,+,d,d̪,6,−,P,D,1.6666666666666667,−,4,+,1.0
7,D-,#_E,GAS OCC,+,d,d̪,6,−,P,D,1.6666666666666667,−,4,+,1.0
8,D-,#_E,EU FRA,+,d,d̪,6,−,P,D,1.6666666666666667,−,4,+,1.0
9,D-,#_E,QBC FRA,+,d,d̪,6,−,P,D,1.6666666666666667,−,4,+,1.0
10,D-,#_E,WAL,+,d,d̪,6,−,P,D,1.6666666666666667,−,4,+,1.0
11,D-,#_E,ARP,+,d,d̪,6,−,P,D,1.6666666666666667,−,4,+,1.0
12,D-,#_E,LIG,,,,,,,,,,,,1.0
13,D-,#_E,EU POR,+,d,d̪,6,−,P,D,1.6666666666666667,−,4,+,1.0
14,D-,#_E,LMO,+,d,d̪,6,−,P,D,1.6666666666666667,−,4,+,1.0
15,D-,#_E,RMH,+,d,d̪,6,−,P,D,1.6666666666666667,−,4,+,1.0
16,D-,#_E,FUR,+,d,d̪,6,−,P,D,1.6666666666666667,−,4,+,1.0
17,D-,#_E,LOG SRD,+,d,d̪,6,−,P,D,1.6666666666666667,−,4,+,1.0
18,D-,#_E,CPN SRD,+,d,d̪,6,−,P,D,1.6666666666666667,−,4,+,1.0
19,D-,#_E,COR,,,,,,,,,,,,1.0
20,D-,#_E,ITA,+,d,d̪,6,−,P,D,1.6666666666666667,−,4,+,1.0
21,D-,#_E,ABR,+,d,d̪,6,−,P,D,1.6666666666666667,−,4,+,1.0
22,D-,#_E,CAM,+,d,d̪~ɾ,101,−,P~L,D,1.2083333333333335,−,2.4375,+,1.0
23,D-,#_E,PGL,+,d,d̪,6,−,P,D,1.6666666666666667,−,4,+,1.0
24,D-,#_E,SCN,+,d,d̪~ɾ,101,−,P~L,D,1.2083333333333335,−,2.4375,+,1.0
25,D-,#_E,VEN,+,d,d̪,6,−,P,D,1.6666666666666667,−,4,+,1.0
26,D-,#_E,ARO,+,d,d̪,6,−,P,D,1.6666666666666667,−,4,+,1.0
27,D-,#_E,ROM,+,d,d̪,6,−,P,D,1.6666666666666667,−,4,+,1.0
29,D-,#_E,ARO,+,dz,d͡z̪,27,−,P͡F,D,1.3333333333333333,+,3,+,2.0
30,D-,#_E,ROM,+,z,z̪,49,−,F,D,1.3333333333333333,+,2,+,2.0
32,D-,#_E,BR POR,+,d,d̠͡ʒ,35,−,P͡F,Ɉ,-0.5,+,3,+,2.0
34,D-,#_E,GAL,+,d,d̪,6,−,P,D,1.6666666666666667,−,4,+,1.0
37,D-,#_E,QBC FRA,+,d,d͡z̪,27,−,P͡F,D,1.3333333333333333,+,3,+,2.0
38,D-,#_E,ASL,+,d,d̪,6,−,P,D,1.6666666666666667,−,4,+,1.0
39,D-,#_E,CAS ESP,+,d,d̪,6,−,P,D,1.6666666666666667,−,4,+,1.0
40,D-,#_E,AND ESP,+,d,d̪,6,−,P,D,1.6666666666666667,−,4,+,1.0
41,D-,#_E,ARG,+,d,d̪,6,−,P,D,1.6666666666666667,−,4,+,1.0
0,D-,"#_{a,O}",BR POR,+,d,d̪,6,−,P,D,1.6666666666666667,−,4,+,1.0
1,D-,"#_{a,O}",AMR ESP,+,d,d̪,6,−,P,D,1.6666666666666667,−,4,+,1.0
2,D-,"#_{a,O}",LAT,+,D,d̪,6,−,P,D,1.6666666666666667,−,4,+,1.0
3,D-,"#_{a,O}",CAT,+,d,d̪,6,−,P,D,1.6666666666666667,−,4,+,1.0
4,D-,"#_{a,O}",VAL,+,d,d̪,6,−,P,D,1.6666666666666667,−,4,+,1.0
5,D-,"#_{a,O}",BAL,+,d,d̪,6,−,P,D,1.6666666666666667,−,4,+,1.0
6,D-,"#_{a,O}",OCC,+,d,d̪,6,−,P,D,1.6666666666666667,−,4,+,1.0
7,D-,"#_{a,O}",GAS OCC,+,d,d̪,6,−,P,D,1.6666666666666667,−,4,+,1.0
8,D-,"#_{a,O}",EU FRA,+,d,d̪,6,−,P,D,1.6666666666666667,−,4,+,1.0
9,D-,"#_{a,O}",QBC FRA,+,d,d̪,6,−,P,D,1.6666666666666667,−,4,+,1.0
10,D-,"#_{a,O}",WAL,+,d,d̪,6,−,P,D,1.6666666666666667,−,4,+,1.0
11,D-,"#_{a,O}",ARP,+,d,d̪,6,−,P,D,1.6666666666666667,−,4,+,1.0
12,D-,"#_{a,O}",LIG,,,,,,,,,,,,1.0
13,D-,"#_{a,O}",EU POR,+,d,d̪,6,−,P,D,1.6666666666666667,−,4,+,1.0
14,D-,"#_{a,O}",LMO,+,d,d̪,6,−,P,D,1.6666666666666667,−,4,+,1.0
15,D-,"#_{a,O}",RMH,+,d,d̪,6,−,P,D,1.6666666666666667,−,4,+,1.0
16,D-,"#_{a,O}",FUR,+,d,d̪,6,−,P,D,1.6666666666666667,−,4,+,1.0
17,D-,"#_{a,O}",LOG SRD,+,d,d̪,6,−,P,D,1.6666666666666667,−,4,+,1.0
18,D-,"#_{a,O}",CPN SRD,+,d,d̪,6,−,P,D,1.6666666666666667,−,4,+,1.0
19,D-,"#_{a,O}",COR,,,,,,,,,,,,1.0
20,D-,"#_{a,O}",ITA,+,d,d̪,6,−,P,D,1.6666666666666667,−,4,+,1.0
21,D-,"#_{a,O}",ABR,+,d,d̪,6,−,P,D,1.6666666666666667,−,4,+,1.0
22,D-,"#_{a,O}",CAM,+,d,d̪~ɾ,101,−,P~L,D,1.2083333333333335,−,2.4375,+,1.0
23,D-,"#_{a,O}",PGL,+,d,d̪,6,−,P,D,1.6666666666666667,−,4,+,1.0
24,D-,"#_{a,O}",SCN,+,d,d̪~ɾ,101,−,P~L,D,1.2083333333333335,−,2.4375,+,1.0
25,D-,"#_{a,O}",VEN,+,d,d̪,6,−,P,D,1.6666666666666667,−,4,+,1.0
26,D-,"#_{a,O}",ARO,+,d,d̪,6,−,P,D,1.6666666666666667,−,4,+,1.0
27,D-,"#_{a,O}",ROM,+,d,d̪,6,−,P,D,1.6666666666666667,−,4,+,1.0
29,D-,"#_{a,O}",QBC FRA,+,d,d͡z̪,27,−,P͡F,D,1.3333333333333333,+,3,+,2.0
30,D-,"#_{a,O}",GAL,+,d,d̪,6,−,P,D,1.6666666666666667,−,4,+,1.0
31,D-,"#_{a,O}",ASL,+,d,d̪,6,−,P,D,1.6666666666666667,−,4,+,1.0
32,D-,"#_{a,O}",CAS ESP,+,d,d̪,6,−,P,D,1.6666666666666667,−,4,+,1.0
33,D-,"#_{a,O}",AND ESP,+,d,d̪,6,−,P,D,1.6666666666666667,−,4,+,1.0
34,D-,"#_{a,O}",ARG,+,d,d̪,6,−,P,D,1.6666666666666667,−,4,+,1.0
0,C-,#_E,BR POR,+,c,s,50,−,F,D,1,+,2,−,1.0
1,C-,#_E,AMR ESP,+,c,s,50,−,F,D,1,+,2,−,1.0
2,C-,#_E,LAT,+,C,k,19,−,P,K,-3,−,4,−,1.0
3,C-,#_E,CAT,+,c,s̠,52,−,F,D,0.5,+,2,−,1.0
4,C-,#_E,VAL,+,c,s̠,52,−,F,D,0.5,+,2,−,1.0
5,C-,#_E,BAL,+,c,s̠,52,−,F,D,0.5,+,2,−,1.0
6,C-,#_E,OCC,+,c,s̠,52,−,F,D,0.5,+,2,−,1.0
7,C-,#_E,GAS OCC,+,c,s̠,52,−,F,D,0.5,+,2,−,1.0
8,C-,#_E,EU FRA,+,c,s̪,48,−,F,D,1.3333333333333333,+,2,−,1.0
9,C-,#_E,QBC FRA,+,c,s̪,48,−,F,D,1.3333333333333333,+,2,−,1.0
10,C-,#_E,WAL,+,c,s̪,48,−,F,D,1.3333333333333333,+,2,−,1.0
11,C-,#_E,ARP,+,c,s̪,48,−,F,D,1.3333333333333333,+,2,−,1.0
12,C-,#_E,LIG,,,,,,,,,,,,1.0
13,C-,#_E,EU POR,+,c,s,50,−,F,D,1,+,2,−,1.0
14,C-,#_E,LMO,+,sc,ʃ~s̠,103,−,F,Ɉ~D,0,+,2,−,1.0
15,C-,#_E,RMH,+,tsch,t̠͡ʃ,34,−,P͡F,Ɉ,-0.5,+,3,−,1.0
16,C-,#_E,FUR,,c,t̠͡ʃ~s̠?,,,,,,,,,1.0
17,C-,#_E,LOG SRD,+,ch,k,19,−,P,K,-3,−,4,−,1.0
18,C-,#_E,CPN SRD,+,c,t̠͡ʃ,34,−,P͡F,Ɉ,-0.5,+,3,−,1.0
19,C-,#_E,COR,,,,,,,,,,,,1.0
20,C-,#_E,ITA,+,c,t̠͡ʃ,34,−,P͡F,Ɉ,-0.5,+,3,−,1.0
21,C-,#_E,ABR,,,,,,,,,,,,1.0
22,C-,#_E,CAM,+,c,t̠͡ʃ,34,−,P͡F,Ɉ,-0.5,+,3,−,1.0
23,C-,#_E,PGL,,,,,,,,,,,,1.0
24,C-,#_E,SCN,+,c,t̠͡ʃ,34,−,P͡F,Ɉ,-0.5,+,3,−,1.0
25,C-,#_E,VEN,+,s/th,s̠~θ,104,−,F,D,1.25,+/−,2,−,1.0
26,C-,#_E,ARO,+,ts,t͡s̪,26,−,P͡F,D,1.3333333333333333,+,3,−,1.0
27,C-,#_E,ROM,+,c,t̠͡ʃ,34,−,P͡F,Ɉ,-0.5,+,3,−,1.0
28,C-,#_E,GAL,+,c,θ (s),102,−,F,D,1.6666666666666667,+/−,2,−,1.0
29,C-,#_E,ASL,+,c,θ,44,−,F,D,2,−,2,−,1.0
30,C-,#_E,CAS ESP,+,c,θ,44,−,F,D,2,−,2,−,1.0
31,C-,#_E,AND ESP,+,c,s̟,46,−,F,D,1.6666666666666667,+,2,−,1.0
32,C-,#_E,ARG,+,c,θ,44,−,F,D,2,−,2,−,1.0
0,C-,#_a,BR POR,+,c,k,19,−,P,K,-3,−,4,−,1.0
1,C-,#_a,AMR ESP,+,c,k,19,−,P,K,-3,−,4,−,1.0
2,C-,#_a,LAT,+,C,k,19,−,P,K,-3,−,4,−,1.0
3,C-,#_a,CAT,+,c,k,19,−,P,K,-3,−,4,−,1.0
4,C-,#_a,VAL,+,c,k,19,−,P,K,-3,−,4,−,1.0
5,C-,#_a,BAL,+,c,k,19,−,P,K,-3,−,4,−,1.0
6,C-,#_a,OCC,+,c (ch),k (t͡s),105,−,P (P͡F),K (Ɉ),2.3333333333333335,−/+,3.6666666666666665,−,1.0
7,C-,#_a,GAS OCC,+,c,k,19,−,P,K,-3,−,4,−,1.0
8,C-,#_a,EU FRA,+,ch,ʃ,56,−,F,Ɉ,-0.5,+,2,−,1.0
9,C-,#_a,QBC FRA,+,ch,ʃ,56,−,F,Ɉ,-0.5,+,2,−,1.0
10,C-,#_a,WAL,+,tch,t̠͡ʃ,34,−,P͡F,Ɉ,-0.5,+,3,−,1.0
11,C-,#_a,ARP,+,ch,t͡s̪~θ,106,−,P͡F~F,D,1.6666666666666665,+/−,2.5,−,1.0
12,C-,#_a,LIG,+,c,k,19,−,P,K,-3,−,4,−,1.0
13,C-,#_a,EU POR,+,c,k,19,−,P,K,-3,−,4,−,1.0
14,C-,#_a,LMO,+,c,k,19,−,P,K,-3,−,4,−,1.0
15,C-,#_a,RMH,,,,,,,,,,,,1.0
16,C-,#_a,FUR,,,,,,,,,,,,1.0
17,C-,#_a,LOG SRD,+,c,k,19,−,P,K,-3,−,4,−,1.0
18,C-,#_a,CPN SRD,+,c,k,19,−,P,K,-3,−,4,−,1.0
19,C-,#_a,COR,+,c,k,19,−,P,K,-3,−,4,−,1.0
20,C-,#_a,ITA,+,c,k,19,−,P,K,-3,−,4,−,1.0
21,C-,#_a,ABR,+,c,k,19,−,P,K,-3,−,4,−,1.0
22,C-,#_a,CAM,+,c,k,19,−,P,K,-3,−,4,−,1.0
23,C-,#_a,PGL,+,c,k,19,−,P,K,-3,−,4,−,1.0
24,C-,#_a,SCN,+,c,k,19,−,P,K,-3,−,4,−,1.0
25,C-,#_a,VEN,+,c,k,19,−,P,K,-3,−,4,−,1.0
26,C-,#_a,ARO,+,c,k,19,−,P,K,-3,−,4,−,1.0
27,C-,#_a,ROM,+,c,k,19,−,P,K,-3,−,4,−,1.0
28,C-,#_a,GAL,+,c,k,19,−,P,K,-3,−,4,−,1.0
29,C-,#_a,ASL,+,c,k,19,−,P,K,-3,−,4,−,1.0
30,C-,#_a,CAS ESP,+,c,k,19,−,P,K,-3,−,4,−,1.0
31,C-,#_a,AND ESP,+,c,k,19,−,P,K,-3,−,4,−,1.0
32,C-,#_a,ARG,+,c,k,19,−,P,K,-3,−,4,−,1.0
0,C-,"#_{o,ŭ}",BR POR,+,c,k,19,−,P,K,-3,−,4,−,1.0
1,C-,"#_{o,ŭ}",AMR ESP,+,c,k,19,−,P,K,-3,−,4,−,1.0
2,C-,"#_{o,ŭ}",LAT,+,C,k,19,−,P,K,-3,−,4,−,1.0
3,C-,"#_{o,ŭ}",CAT,+,c,k,19,−,P,K,-3,−,4,−,1.0
4,C-,"#_{o,ŭ}",VAL,+,c,k,19,−,P,K,-3,−,4,−,1.0
5,C-,"#_{o,ŭ}",BAL,+,c,k,19,−,P,K,-3,−,4,−,1.0
6,C-,"#_{o,ŭ}",OCC,+,c,k,19,−,P,K,-3,−,4,−,1.0
7,C-,"#_{o,ŭ}",GAS OCC,+,c,k,19,−,P,K,-3,−,4,−,1.0
8,C-,"#_{o,ŭ}",EU FRA,+,c,k,19,−,P,K,-3,−,4,−,1.0
9,C-,"#_{o,ŭ}",QBC FRA,+,c,k,19,−,P,K,-3,−,4,−,1.0
10,C-,"#_{o,ŭ}",WAL,+,c,k,19,−,P,K,-3,−,4,−,1.0
11,C-,"#_{o,ŭ}",ARP,+,c,k,19,−,P,K,-3,−,4,−,1.0
12,C-,"#_{o,ŭ}",LIG,+,c,k,19,−,P,K,-3,−,4,−,1.0
13,C-,"#_{o,ŭ}",EU POR,+,c,k,19,−,P,K,-3,−,4,−,1.0
14,C-,"#_{o,ŭ}",LMO,+,c,k,19,−,P,K,-3,−,4,−,1.0
15,C-,"#_{o,ŭ}",RMH,,,,,,,,,,,,1.0
16,C-,"#_{o,ŭ}",FUR,,,,,,,,,,,,1.0
17,C-,"#_{o,ŭ}",LOG SRD,+,c,k,19,−,P,K,-3,−,4,−,1.0
18,C-,"#_{o,ŭ}",CPN SRD,+,c,k,19,−,P,K,-3,−,4,−,1.0
19,C-,"#_{o,ŭ}",COR,+,c,k,19,−,P,K,-3,−,4,−,1.0
20,C-,"#_{o,ŭ}",ITA,+,c,k,19,−,P,K,-3,−,4,−,1.0
21,C-,"#_{o,ŭ}",ABR,+,c,k,19,−,P,K,-3,−,4,−,1.0
22,C-,"#_{o,ŭ}",CAM,+,c,k,19,−,P,K,-3,−,4,−,1.0
23,C-,"#_{o,ŭ}",PGL,+,c,k,19,−,P,K,-3,−,4,−,1.0
24,C-,"#_{o,ŭ}",SCN,+,c,k,19,−,P,K,-3,−,4,−,1.0
25,C-,"#_{o,ŭ}",VEN,+,c,k,19,−,P,K,-3,−,4,−,1.0
26,C-,"#_{o,ŭ}",ARO,+,c,k,19,−,P,K,-3,−,4,−,1.0
27,C-,"#_{o,ŭ}",ROM,+,c,k,19,−,P,K,-3,−,4,−,1.0
29,C-,"#_{o,ŭ}",ITA,+,g,ɡ,20,−,P,K,-3,−,4,+,2.0
30,C-,"#_{o,ŭ}",GAL,+,c,k,19,−,P,K,-3,−,4,−,1.0
31,C-,"#_{o,ŭ}",ASL,+,c,k,19,−,P,K,-3,−,4,−,1.0
32,C-,"#_{o,ŭ}",CAS ESP,+,c,k,19,−,P,K,-3,−,4,−,1.0
33,C-,"#_{o,ŭ}",AND ESP,+,c,k,19,−,P,K,-3,−,4,−,1.0
34,C-,"#_{o,ŭ}",ARG,+,c,k,19,−,P,K,-3,−,4,−,1.0
0,C-,#_ū,BR POR,+,c,k,19,−,P,K,-3,−,4,−,1.0
1,C-,#_ū,AMR ESP,+,c,k,19,−,P,K,-3,−,4,−,1.0
2,C-,#_ū,LAT,+,C,k,19,−,P,K,-3,−,4,−,1.0
3,C-,#_ū,CAT,+,c,k,19,−,P,K,-3,−,4,−,1.0
4,C-,#_ū,VAL,+,c,k,19,−,P,K,-3,−,4,−,1.0
5,C-,#_ū,BAL,+,c,k,19,−,P,K,-3,−,4,−,1.0
6,C-,#_ū,OCC,+,c,k,19,−,P,K,-3,−,4,−,1.0
7,C-,#_ū,GAS OCC,+,c,k,19,−,P,K,-3,−,4,−,1.0
8,C-,#_ū,EU FRA,+,c,k,19,−,P,K,-3,−,4,−,1.0
9,C-,#_ū,QBC FRA,+,c,k,19,−,P,K,-3,−,4,−,1.0
10,C-,#_ū,WAL,+,c,k,19,−,P,K,-3,−,4,−,1.0
11,C-,#_ū,ARP,+,c,k,19,−,P,K,-3,−,4,−,1.0
12,C-,#_ū,LIG,+,c,k,19,−,P,K,-3,−,4,−,1.0
13,C-,#_ū,EU POR,+,c,k,19,−,P,K,-3,−,4,−,1.0
14,C-,#_ū,LMO,+,c,k,19,−,P,K,-3,−,4,−,1.0
15,C-,#_ū,RMH,,,,,,,,,,,,1.0
16,C-,#_ū,FUR,,,,,,,,,,,,1.0
17,C-,#_ū,LOG SRD,+,c,k,19,−,P,K,-3,−,4,−,1.0
18,C-,#_ū,CPN SRD,+,c,k,19,−,P,K,-3,−,4,−,1.0
19,C-,#_ū,COR,+,c,k,19,−,P,K,-3,−,4,−,1.0
20,C-,#_ū,ITA,+,c,k,19,−,P,K,-3,−,4,−,1.0
21,C-,#_ū,ABR,+,c,k,19,−,P,K,-3,−,4,−,1.0
22,C-,#_ū,CAM,+,c,k,19,−,P,K,-3,−,4,−,1.0
23,C-,#_ū,PGL,+,c,k,19,−,P,K,-3,−,4,−,1.0
24,C-,#_ū,SCN,+,c,k,19,−,P,K,-3,−,4,−,1.0
25,C-,#_ū,VEN,+,c,k,19,−,P,K,-3,−,4,−,1.0
26,C-,#_ū,ARO,+,c,k,19,−,P,K,-3,−,4,−,1.0
27,C-,#_ū,ROM,+,c,k,19,−,P,K,-3,−,4,−,1.0
28,C-,#_ū,GAL,+,c,k,19,−,P,K,-3,−,4,−,1.0
29,C-,#_ū,ASL,+,c,k,19,−,P,K,-3,−,4,−,1.0
30,C-,#_ū,CAS ESP,+,c,k,19,−,P,K,-3,−,4,−,1.0
31,C-,#_ū,AND ESP,+,c,k,19,−,P,K,-3,−,4,−,1.0
32,C-,#_ū,ARG,+,c,k,19,−,P,K,-3,−,4,−,1.0
0,G-,ˈ#_E,BR POR,+,g,ʒ,57,−,F,Ɉ,-0.5,+,2,+,1.0
1,G-,ˈ#_E,AMR ESP,+,y,ɟ͡ʝ,39,−,P͡F,Ɉ,-2,−,3,+,1.0
2,G-,ˈ#_E,LAT,+,G,ɡ,20,−,P,K,-3,−,4,+,1.0
3,G-,ˈ#_E,CAT,+,g,ʒ,57,−,F,Ɉ,-0.5,+,2,+,1.0
4,G-,ˈ#_E,VAL,+,g,d̠͡ʒ,35,−,P͡F,Ɉ,-0.5,+,3,+,1.0
5,G-,ˈ#_E,BAL,+,g,ʒ,57,−,F,Ɉ,-0.5,+,2,+,1.0
6,G-,ˈ#_E,OCC,+,g,d̠͡ʒ,35,−,P͡F,Ɉ,-0.5,+,3,+,1.0
7,G-,ˈ#_E,GAS OCC,+,g,ʒ,57,−,F,Ɉ,-0.5,+,2,+,1.0
8,G-,ˈ#_E,EU FRA,+,g,ʒ,57,−,F,Ɉ,-0.5,+,2,+,1.0
9,G-,ˈ#_E,QBC FRA,+,g,ʒ,57,−,F,Ɉ,-0.5,+,2,+,1.0
10,G-,ˈ#_E,WAL,+,dj,d̠͡ʒ,35,−,P͡F,Ɉ,-0.5,+,3,+,1.0
11,G-,ˈ#_E,ARP,+,g,d͡z~ð,107,−,P͡F~F,D,1.5,+/−,2.5,+,1.0
12,G-,ˈ#_E,LIG,+,z,z̠ (d͡z̠),111,−,F (P͡F),D,0.5,+,2.3333333333333335,+,1.0
13,G-,ˈ#_E,EU POR,+,g,ʒ,57,−,F,Ɉ,-0.5,+,2,+,1.0
14,G-,ˈ#_E,LMO,+,sg,d̠͡ʒ~z̠,108,−,P͡F~F,Ɉ~D,0,+,2.5,+,1.0
15,G-,ˈ#_E,RMH,,sch,,,,,,,,,,1.0
16,G-,ˈ#_E,FUR,,z,,,,,,,,,,1.0
17,G-,ˈ#_E,LOG SRD,+,g,ɡ,20,−,P,K,-3,−,4,+,1.0
18,G-,ˈ#_E,CPN SRD,+,g,d̠͡ʒ,35,−,P͡F,Ɉ,-0.5,+,3,+,1.0
19,G-,ˈ#_E,COR,,ghj,,,,,,,,,,1.0
20,G-,ˈ#_E,ITA,+,g,d̠͡ʒ,35,−,P͡F,Ɉ,-0.5,+,3,+,1.0
21,G-,ˈ#_E,ABR,,,,,,,,,,,,1.0
22,G-,ˈ#_E,CAM,+,j,j,98,−,W,Ɉ,-2,−,0.3333333333333333,+,1.0
23,G-,ˈ#_E,PGL,,,,,,,,,,,,1.0
24,G-,ˈ#_E,SCN,+,j,j,98,−,W,Ɉ,-2,−,0.3333333333333333,+,1.0
25,G-,ˈ#_E,VEN,+,z/dh,z̠~ð,109,−,F,D,1.25,+/−,2,−,1.0
26,G-,ˈ#_E,ARO,+,dz,d͡z̪,27,−,P͡F,D,1.3333333333333333,+,3,+,1.0
27,G-,ˈ#_E,ROM,+,g,d̠͡ʒ,35,−,P͡F,Ɉ,-0.5,+,3,+,1.0
28,G-,ˈ#_E,GAL,+,x,ʃ,56,−,F,Ɉ,-0.5,+,2,−,1.0
29,G-,ˈ#_E,ASL,+,x,ʃ,56,−,F,Ɉ,-0.5,+,2,−,1.0
30,G-,ˈ#_E,CAS ESP,+,y,ɟ͡ʝ,39,−,P͡F,Ɉ,-2,−,3,+,1.0
31,G-,ˈ#_E,AND ESP,+,y,ɟ͡ʝ,39,−,P͡F,Ɉ,-2,−,3,+,1.0
32,G-,ˈ#_E,ARG,+,ch,t̠͡ʃ,34,−,P͡F,Ɉ,-0.5,+,3,−,1.0
0,G-,#_E.ˈ,BR POR,+,g,ʒ,57,−,F,Ɉ,-0.5,+,2,+,1.0
1,G-,#_E.ˈ,AMR ESP,−,h/∅,∅,∅,−,∅,Ɉ,-0.5,−,0,−,1.0
2,G-,#_E.ˈ,LAT,+,G,ɡ,20,−,P,K,-3,−,4,+,1.0
3,G-,#_E.ˈ,CAT,+,g,ʒ,57,−,F,Ɉ,-0.5,+,2,+,1.0
4,G-,#_E.ˈ,VAL,+,g,d̠͡ʒ,35,−,P͡F,Ɉ,-0.5,+,3,+,1.0
5,G-,#_E.ˈ,BAL,+,g,ʒ,57,−,F,Ɉ,-0.5,+,2,+,1.0
6,G-,#_E.ˈ,OCC,+,g,d̠͡ʒ,35,−,P͡F,Ɉ,-0.5,+,3,+,1.0
7,G-,#_E.ˈ,GAS OCC,+,g,ʒ,57,−,F,Ɉ,-0.5,+,2,+,1.0
8,G-,#_E.ˈ,EU FRA,+,g,ʒ,57,−,F,Ɉ,-0.5,+,2,+,1.0
9,G-,#_E.ˈ,QBC FRA,+,g,ʒ,57,−,F,Ɉ,-0.5,+,2,+,1.0
10,G-,#_E.ˈ,WAL,+,dj,d̠͡ʒ,35,−,P͡F,Ɉ,-0.5,+,3,+,1.0
11,G-,#_E.ˈ,ARP,+,g,d͡z~ð,107,−,P͡F~F,D,1.5,+/−,2.5,+,1.0
12,G-,#_E.ˈ,LIG,+,z,z̠ (d͡z̠),111,−,F (P͡F),D,0.5,+,2.3333333333333335,+,1.0
13,G-,#_E.ˈ,EU POR,+,g,ʒ,57,−,F,Ɉ,-0.5,+,2,+,1.0
14,G-,#_E.ˈ,LMO,+,sg,d̠͡ʒ~z̠,108,−,P͡F~F,Ɉ~D,0,+,2.5,+,1.0
15,G-,#_E.ˈ,RMH,,sch,,,,,,,,,,1.0
16,G-,#_E.ˈ,FUR,,z,,,,,,,,,,1.0
17,G-,#_E.ˈ,LOG SRD,+,g,ɡ,20,−,P,K,-3,−,4,+,1.0
18,G-,#_E.ˈ,CPN SRD,+,g,d̠͡ʒ,35,−,P͡F,Ɉ,-0.5,+,3,+,1.0
19,G-,#_E.ˈ,COR,,ghj,,,,,,,,,,1.0
20,G-,#_E.ˈ,ITA,+,g,d̠͡ʒ,35,−,P͡F,Ɉ,-0.5,+,3,+,1.0
21,G-,#_E.ˈ,ABR,,,,,,,,,,,,1.0
22,G-,#_E.ˈ,CAM,+,j,j,98,−,W,Ɉ,-2,−,0.3333333333333333,+,1.0
23,G-,#_E.ˈ,PGL,,,,,,,,,,,,1.0
24,G-,#_E.ˈ,SCN,+,j,j,98,−,W,Ɉ,-2,−,0.3333333333333333,+,1.0
25,G-,#_E.ˈ,VEN,+,z/dh,z̠~ð,109,−,F,D,1.25,+/−,2,−,1.0
26,G-,#_E.ˈ,ARO,+,dz,d͡z̪,27,−,P͡F,D,1.3333333333333333,+,3,+,1.0
27,G-,#_E.ˈ,ROM,+,g,d̠͡ʒ,35,−,P͡F,Ɉ,-0.5,+,3,+,1.0
28,G-,#_E.ˈ,GAL,+,x,ʃ,56,−,F,Ɉ,-0.5,+,2,−,1.0
29,G-,#_E.ˈ,ASL,+,x,ʃ,56,−,F,Ɉ,-0.5,+,2,−,1.0
30,G-,#_E.ˈ,CAS ESP,−,h/∅,∅,∅,−,∅,Ɉ,-0.5,−,0,−,1.0
31,G-,#_E.ˈ,AND ESP,−,h/∅,∅,∅,−,∅,Ɉ,-0.5,−,0,−,1.0
32,G-,#_E.ˈ,ARG,+,ch,t̠͡ʃ,34,−,P͡F,Ɉ,-0.5,+,3,−,1.0
0,G-,#_a,BR POR,+,g,ɡ,20,−,P,K,-3,−,4,+,1.0
1,G-,#_a,AMR ESP,+,g,ɡ,20,−,P,K,-3,−,4,+,1.0
2,G-,#_a,LAT,+,G,ɡ,20,−,P,K,-3,−,4,+,1.0
3,G-,#_a,CAT,+,g,ɡ,20,−,P,K,-3,−,4,+,1.0
4,G-,#_a,VAL,+,g,ɡ,20,−,P,K,-3,−,4,+,1.0
5,G-,#_a,BAL,+,g,ɡ,20,−,P,K,-3,−,4,+,1.0
6,G-,#_a,OCC,+,g (j),ɡ (d͡z),110,−,P (P͡F),K (Ɉ),2.3333333333333335,−/+,3.6666666666666665,+,1.0
7,G-,#_a,GAS OCC,+,g,ɡ,20,−,P,K,-3,−,4,+,1.0
8,G-,#_a,EU FRA,+,j/g,ʒ,57,−,F,Ɉ,-0.5,+,2,+,1.0
9,G-,#_a,QBC FRA,+,j/g,ʒ,57,−,F,Ɉ,-0.5,+,2,+,1.0
10,G-,#_a,WAL,+,dj,d̠͡ʒ,35,−,P͡F,Ɉ,-0.5,+,3,+,1.0
11,G-,#_a,ARP,+,j,d͡z~ð,107,−,P͡F~F,D,1.5,+/−,2.5,+,1.0
12,G-,#_a,LIG,+,g,ɡ,20,−,P,K,-3,−,4,+,1.0
13,G-,#_a,EU POR,+,g,ɡ,20,−,P,K,-3,−,4,+,1.0
14,G-,#_a,LMO,+,g,ɡ,20,−,P,K,-3,−,4,+,1.0
15,G-,#_a,RMH,,,,,,,,,,,,1.0
16,G-,#_a,FUR,,gj,,,,,,,,,,1.0
17,G-,#_a,LOG SRD,+,g,ɡ,20,−,P,K,-3,−,4,+,1.0
18,G-,#_a,CPN SRD,+,g,ɡ,20,−,P,K,-3,−,4,+,1.0
19,G-,#_a,COR,+,g,ɡ,20,−,P,K,-3,−,4,+,1.0
20,G-,#_a,ITA,+,g,ɡ,20,−,P,K,-3,−,4,+,1.0
21,G-,#_a,ABR,,,,,,,,,,,,1.0
22,G-,#_a,CAM,+,g,ɡ,20,−,P,K,-3,−,4,+,1.0
23,G-,#_a,PGL,,,,,,,,,,,,1.0
24,G-,#_a,SCN,+,g/j,ɡ~j,112,−,P~W,K~Ɉ,-2.5,−,2.1666666666666665,+,1.0
25,G-,#_a,VEN,+,g,ɡ,20,−,P,K,-3,−,4,+,1.0
26,G-,#_a,ARO,+,g,ɡ,20,−,P,K,-3,−,4,+,1.0
27,G-,#_a,ROM,+,g,ɡ,20,−,P,K,-3,−,4,+,1.0
28,G-,#_a,GAL,+,g,ɡ,20,−,P,K,-3,−,4,+,1.0
29,G-,#_a,ASL,+,g,ɡ,20,−,P,K,-3,−,4,+,1.0
30,G-,#_a,CAS ESP,+,g,ɡ,20,−,P,K,-3,−,4,+,1.0
31,G-,#_a,AND ESP,+,g,ɡ,20,−,P,K,-3,−,4,+,1.0
32,G-,#_a,ARG,+,g,ɡ,20,−,P,K,-3,−,4,+,1.0
0,G-,#_O,BR POR,+,g,ɡ,20,−,P,K,-3,−,4,+,1.0
1,G-,#_O,AMR ESP,+,g,ɡ,20,−,P,K,-3,−,4,+,1.0
2,G-,#_O,LAT,+,G,ɡ,20,−,P,K,-3,−,4,+,1.0
3,G-,#_O,CAT,+,g,ɡ,20,−,P,K,-3,−,4,+,1.0
4,G-,#_O,VAL,+,g,ɡ,20,−,P,K,-3,−,4,+,1.0
5,G-,#_O,BAL,+,g,ɡ,20,−,P,K,-3,−,4,+,1.0
6,G-,#_O,OCC,+,g,ɡ,20,−,P,K,-3,−,4,+,1.0
7,G-,#_O,GAS OCC,+,g,ɡ,20,−,P,K,-3,−,4,+,1.0
8,G-,#_O,EU FRA,+,g,ɡ,20,−,P,K,-3,−,4,+,1.0
9,G-,#_O,QBC FRA,+,g,ɡ,20,−,P,K,-3,−,4,+,1.0
10,G-,#_O,WAL,+,g,ɡ,20,−,P,K,-3,−,4,+,1.0
11,G-,#_O,ARP,+,g,ɡ,20,−,P,K,-3,−,4,+,1.0
12,G-,#_O,LIG,+,g,ɡ,20,−,P,K,-3,−,4,+,1.0
13,G-,#_O,EU POR,+,g,ɡ,20,−,P,K,-3,−,4,+,1.0
14,G-,#_O,LMO,+,g,ɡ,20,−,P,K,-3,−,4,+,1.0
15,G-,#_O,RMH,+,g,ɡ,20,−,P,K,-3,−,4,+,1.0
16,G-,#_O,FUR,+,g,ɡ,20,−,P,K,-3,−,4,+,1.0
17,G-,#_O,LOG SRD,+,g,ɡ,20,−,P,K,-3,−,4,+,1.0
18,G-,#_O,CPN SRD,+,g,ɡ,20,−,P,K,-3,−,4,+,1.0
19,G-,#_O,COR,+,g,ɡ,20,−,P,K,-3,−,4,+,1.0
20,G-,#_O,ITA,+,g,ɡ,20,−,P,K,-3,−,4,+,1.0
21,G-,#_O,ABR,,,,,,,,,,,,1.0
22,G-,#_O,CAM,+,g,ɡ,20,−,P,K,-3,−,4,+,1.0
23,G-,#_O,PGL,,,,,,,,,,,,1.0
24,G-,#_O,SCN,+,g/j,ɡ~j,112,−,P~W,K~Ɉ,-2.5,−,2.1666666666666665,+,1.0
25,G-,#_O,VEN,+,g,ɡ,20,−,P,K,-3,−,4,+,1.0
26,G-,#_O,ARO,+,g,ɡ,20,−,P,K,-3,−,4,+,1.0
27,G-,#_O,ROM,+,g,ɡ,20,−,P,K,-3,−,4,+,1.0
28,G-,#_O,GAL,+,g,ɡ,20,−,P,K,-3,−,4,+,1.0
29,G-,#_O,ASL,+,g,ɡ,20,−,P,K,-3,−,4,+,1.0
30,G-,#_O,CAS ESP,+,g,ɡ,20,−,P,K,-3,−,4,+,1.0
31,G-,#_O,AND ESP,+,g,ɡ,20,−,P,K,-3,−,4,+,1.0
32,G-,#_O,ARG,+,g,ɡ,20,−,P,K,-3,−,4,+,1.0
0,N-,#_E,BR POR,+,n,n,73,−,N,D,1,−,1.5,+,1.0
1,N-,#_E,AMR ESP,+,n,n,73,−,N,D,1,−,1.5,+,1.0
2,N-,#_E,LAT,+,N,n,73,−,N,D,1,−,1.5,+,1.0
3,N-,#_E,CAT,+,n,n,73,−,N,D,1,−,1.5,+,1.0
4,N-,#_E,VAL,+,n,n,73,−,N,D,1,−,1.5,+,1.0
5,N-,#_E,BAL,+,n,n,73,−,N,D,1,−,1.5,+,1.0
6,N-,#_E,OCC,+,n,n,73,−,N,D,1,−,1.5,+,1.0
7,N-,#_E,GAS OCC,+,n,n,73,−,N,D,1,−,1.5,+,1.0
8,N-,#_E,EU FRA,+,n,n,73,−,N,D,1,−,1.5,+,1.0
9,N-,#_E,QBC FRA,+,n,n,73,−,N,D,1,−,1.5,+,1.0
10,N-,#_E,WAL,+,n,n,73,−,N,D,1,−,1.5,+,1.0
11,N-,#_E,ARP,+,n,n,73,−,N,D,1,−,1.5,+,1.0
12,N-,#_E,LIG,+,n,n,73,−,N,D,1,−,1.5,+,1.0
13,N-,#_E,EU POR,+,n,n,73,−,N,D,1,−,1.5,+,1.0
14,N-,#_E,LMO,+,n,n,73,−,N,D,1,−,1.5,+,1.0
15,N-,#_E,RMH,,,,,,,,,,,,1.0
16,N-,#_E,FUR,+,n,n,73,−,N,D,1,−,1.5,+,1.0
17,N-,#_E,LOG SRD,+,n,n,73,−,N,D,1,−,1.5,+,1.0
18,N-,#_E,CPN SRD,+,n,n,73,−,N,D,1,−,1.5,+,1.0
19,N-,#_E,COR,,,,,,,,,,,,1.0
20,N-,#_E,ITA,+,n,n,73,−,N,D,1,−,1.5,+,1.0
21,N-,#_E,ABR,,,,,,,,,,,,1.0
22,N-,#_E,CAM,+,n,n,73,−,N,D,1,−,1.5,+,1.0
23,N-,#_E,PGL,,,,,,,,,,,,1.0
24,N-,#_E,SCN,+,n,n,73,−,N,D,1,−,1.5,+,1.0
25,N-,#_E,VEN,+,n,n,73,−,N,D,1,−,1.5,+,1.0
26,N-,#_E,ARO,+,n,n,73,−,N,D,1,−,1.5,+,1.0
27,N-,#_E,ROM,+,n,n,73,−,N,D,1,−,1.5,+,1.0
28,N-,#_E,GAL,+,n,n,73,−,N,D,1,−,1.5,+,1.0
29,N-,#_E,ASL,+,n/ñ,n~ɲ,113,−,N,D~Ɉ,-0.5,−,1.5,+,1.0
30,N-,#_E,CAS ESP,+,n,n,73,−,N,D,1,−,1.5,+,1.0
31,N-,#_E,AND ESP,+,n,n,73,−,N,D,1,−,1.5,+,1.0
32,N-,#_E,ARG,+,n,n,73,−,N,D,1,−,1.5,+,1.0
0,N-,"#_{a,O}",BR POR,+,n,n,73,−,N,D,1,−,1.5,+,1.0
1,N-,"#_{a,O}",AMR ESP,+,n,n,73,−,N,D,1,−,1.5,+,1.0
2,N-,"#_{a,O}",LAT,+,N,n,73,−,N,D,1,−,1.5,+,1.0
3,N-,"#_{a,O}",CAT,+,n,n,73,−,N,D,1,−,1.5,+,1.0
4,N-,"#_{a,O}",VAL,+,n,n,73,−,N,D,1,−,1.5,+,1.0
5,N-,"#_{a,O}",BAL,+,n,n,73,−,N,D,1,−,1.5,+,1.0
6,N-,"#_{a,O}",OCC,+,n,n,73,−,N,D,1,−,1.5,+,1.0
7,N-,"#_{a,O}",GAS OCC,+,n,n,73,−,N,D,1,−,1.5,+,1.0
8,N-,"#_{a,O}",EU FRA,+,n,n,73,−,N,D,1,−,1.5,+,1.0
9,N-,"#_{a,O}",QBC FRA,+,n,n,73,−,N,D,1,−,1.5,+,1.0
10,N-,"#_{a,O}",WAL,+,n,n,73,−,N,D,1,−,1.5,+,1.0
11,N-,"#_{a,O}",ARP,+,n,n,73,−,N,D,1,−,1.5,+,1.0
12,N-,"#_{a,O}",LIG,+,n,n,73,−,N,D,1,−,1.5,+,1.0
13,N-,"#_{a,O}",EU POR,+,n,n,73,−,N,D,1,−,1.5,+,1.0
14,N-,"#_{a,O}",LMO,+,n,n,73,−,N,D,1,−,1.5,+,1.0
15,N-,"#_{a,O}",RMH,,,,,,,,,,,,1.0
16,N-,"#_{a,O}",FUR,+,n,n,73,−,N,D,1,−,1.5,+,1.0
17,N-,"#_{a,O}",LOG SRD,+,n,n,73,−,N,D,1,−,1.5,+,1.0
18,N-,"#_{a,O}",CPN SRD,+,n,n,73,−,N,D,1,−,1.5,+,1.0
19,N-,"#_{a,O}",COR,,,,,,,,,,,,1.0
20,N-,"#_{a,O}",ITA,+,n,n,73,−,N,D,1,−,1.5,+,1.0
21,N-,"#_{a,O}",ABR,,,,,,,,,,,,1.0
22,N-,"#_{a,O}",CAM,+,n,n,73,−,N,D,1,−,1.5,+,1.0
23,N-,"#_{a,O}",PGL,,,,,,,,,,,,1.0
24,N-,"#_{a,O}",SCN,+,n,n,73,−,N,D,1,−,1.5,+,1.0
25,N-,"#_{a,O}",VEN,+,n,n,73,−,N,D,1,−,1.5,+,1.0
26,N-,"#_{a,O}",ARO,+,n,n,73,−,N,D,1,−,1.5,+,1.0
27,N-,"#_{a,O}",ROM,+,n,n,73,−,N,D,1,−,1.5,+,1.0
28,N-,"#_{a,O}",GAL,+,n,n,73,−,N,D,1,−,1.5,+,1.0
29,N-,"#_{a,O}",ASL,+,n/ñ,n~ɲ,113,−,N,D~Ɉ,-0.5,−,1.5,+,1.0
30,N-,"#_{a,O}",CAS ESP,+,n,n,73,−,N,D,1,−,1.5,+,1.0
31,N-,"#_{a,O}",AND ESP,+,n,n,73,−,N,D,1,−,1.5,+,1.0
32,N-,"#_{a,O}",ARG,+,n,n,73,−,N,D,1,−,1.5,+,1.0
0,M-,#_,BR POR,+,m,m,70,−,N,B,3,−,1.5,+,1.0
1,M-,#_,AMR ESP,+,m,m,70,−,N,B,3,−,1.5,+,1.0
2,M-,#_,LAT,+,M,m,70,−,N,B,3,−,1.5,+,1.0
3,M-,#_,CAT,+,m,m,70,−,N,B,3,−,1.5,+,1.0
4,M-,#_,VAL,+,m,m,70,−,N,B,3,−,1.5,+,1.0
5,M-,#_,BAL,+,m,m,70,−,N,B,3,−,1.5,+,1.0
6,M-,#_,OCC,+,m,m,70,−,N,B,3,−,1.5,+,1.0
7,M-,#_,GAS OCC,+,m,m,70,−,N,B,3,−,1.5,+,1.0
8,M-,#_,EU FRA,+,m,m,70,−,N,B,3,−,1.5,+,1.0
9,M-,#_,QBC FRA,+,m,m,70,−,N,B,3,−,1.5,+,1.0
10,M-,#_,WAL,+,m,m,70,−,N,B,3,−,1.5,+,1.0
11,M-,#_,ARP,+,m,m,70,−,N,B,3,−,1.5,+,1.0
12,M-,#_,LIG,+,m,m,70,−,N,B,3,−,1.5,+,1.0
13,M-,#_,EU POR,+,m,m,70,−,N,B,3,−,1.5,+,1.0
14,M-,#_,LMO,+,m,m,70,−,N,B,3,−,1.5,+,1.0
15,M-,#_,RMH,,,,,,,,,,,,1.0
16,M-,#_,FUR,+,m,m,70,−,N,B,3,−,1.5,+,1.0
17,M-,#_,LOG SRD,+,m,m,70,−,N,B,3,−,1.5,+,1.0
18,M-,#_,CPN SRD,+,m,m,70,−,N,B,3,−,1.5,+,1.0
19,M-,#_,COR,,,,,,,,,,,,1.0
20,M-,#_,ITA,+,m,m,70,−,N,B,3,−,1.5,+,1.0
21,M-,#_,ABR,,,,,,,,,,,,1.0
22,M-,#_,CAM,+,m,m,70,−,N,B,3,−,1.5,+,1.0
23,M-,#_,PGL,,,,,,,,,,,,1.0
24,M-,#_,SCN,+,m,m,70,−,N,B,3,−,1.5,+,1.0
25,M-,#_,VEN,+,m,m,70,−,N,B,3,−,1.5,+,1.0
26,M-,#_,ARO,+,m,m,70,−,N,B,3,−,1.5,+,1.0
27,M-,#_,ROM,+,m,m,70,−,N,B,3,−,1.5,+,1.0
28,M-,#_,GAL,+,m,m,70,−,N,B,3,−,1.5,+,1.0
29,M-,#_,ASL,+,m,m,70,−,N,B,3,−,1.5,+,1.0
30,M-,#_,CAS ESP,+,m,m,70,−,N,B,3,−,1.5,+,1.0
31,M-,#_,AND ESP,+,m,m,70,−,N,B,3,−,1.5,+,1.0
32,M-,#_,ARG,+,m,m,70,−,N,B,3,−,1.5,+,1.0
0,F-,"ˈ#_{ĕ,ŏ}",BR POR,+,f,f,42,−,F,B,2.5,−,2,−,1.0
1,F-,"ˈ#_{ĕ,ŏ}",AMR ESP,+,f,ɸ~f,114,−,F,B,2.75,−,2,−,1.0
2,F-,"ˈ#_{ĕ,ŏ}",LAT,+,F,ɸ~f,114,−,F,B,2.75,−,2,−,1.0
3,F-,"ˈ#_{ĕ,ŏ}",CAT,+,f,f,42,−,F,B,2.5,−,2,−,1.0
4,F-,"ˈ#_{ĕ,ŏ}",VAL,+,f,f,42,−,F,B,2.5,−,2,−,1.0
5,F-,"ˈ#_{ĕ,ŏ}",BAL,+,f,f,42,−,F,B,2.5,−,2,−,1.0
6,F-,"ˈ#_{ĕ,ŏ}",OCC,+,f,f,42,−,F,B,2.5,−,2,−,1.0
7,F-,"ˈ#_{ĕ,ŏ}",GAS OCC,+,f,f,42,−,F,B,2.5,−,2,−,1.0
8,F-,"ˈ#_{ĕ,ŏ}",EU FRA,+,f,f,42,−,F,B,2.5,−,2,−,1.0
9,F-,"ˈ#_{ĕ,ŏ}",QBC FRA,+,f,f,42,−,F,B,2.5,−,2,−,1.0
10,F-,"ˈ#_{ĕ,ŏ}",WAL,+,f,f,42,−,F,B,2.5,−,2,−,1.0
11,F-,"ˈ#_{ĕ,ŏ}",ARP,+,f,f,42,−,F,B,2.5,−,2,−,1.0
12,F-,"ˈ#_{ĕ,ŏ}",LIG,+,f,f,42,−,F,B,2.5,−,2,−,1.0
13,F-,"ˈ#_{ĕ,ŏ}",EU POR,+,f,f,42,−,F,B,2.5,−,2,−,1.0
14,F-,"ˈ#_{ĕ,ŏ}",LMO,+,f,f,42,−,F,B,2.5,−,2,−,1.0
15,F-,"ˈ#_{ĕ,ŏ}",RMH,,,,,,,,,,,,1.0
16,F-,"ˈ#_{ĕ,ŏ}",FUR,+,f,f,42,−,F,B,2.5,−,2,−,1.0
17,F-,"ˈ#_{ĕ,ŏ}",LOG SRD,+,f,f,42,−,F,B,2.5,−,2,−,1.0
18,F-,"ˈ#_{ĕ,ŏ}",CPN SRD,+,f,f,42,−,F,B,2.5,−,2,−,1.0
19,F-,"ˈ#_{ĕ,ŏ}",COR,,,,,,,,,,,,1.0
20,F-,"ˈ#_{ĕ,ŏ}",ITA,+,f,f,42,−,F,B,2.5,−,2,−,1.0
21,F-,"ˈ#_{ĕ,ŏ}",ABR,,,,,,,,,,,,1.0
22,F-,"ˈ#_{ĕ,ŏ}",CAM,+,f,f,42,−,F,B,2.5,−,2,−,1.0
23,F-,"ˈ#_{ĕ,ŏ}",PGL,,,,,,,,,,,,1.0
24,F-,"ˈ#_{ĕ,ŏ}",SCN,+,f,f,42,−,F,B,2.5,−,2,−,1.0
25,F-,"ˈ#_{ĕ,ŏ}",VEN,+,f,f,42,−,F,B,2.5,−,2,−,1.0
26,F-,"ˈ#_{ĕ,ŏ}",ARO,+,f,f,42,−,F,B,2.5,−,2,−,1.0
27,F-,"ˈ#_{ĕ,ŏ}",ROM,+,f,f,42,−,F,B,2.5,−,2,−,1.0
28,F-,"ˈ#_{ĕ,ŏ}",GAL,+,f,f,42,−,F,B,2.5,−,2,−,1.0
29,F-,"ˈ#_{ĕ,ŏ}",ASL,+,f (ḥ),f (h),115,−,F,B (H),-0.16666666666666666,−,2,−,1.0
30,F-,"ˈ#_{ĕ,ŏ}",CAS ESP,+,f,ɸ~f,114,−,F,B,2.75,−,2,−,1.0
31,F-,"ˈ#_{ĕ,ŏ}",AND ESP,+,f,ɸ~f,114,−,F,B,2.75,−,2,−,1.0
32,F-,"ˈ#_{ĕ,ŏ}",ARG,+,f,f,42,−,F,B,2.5,−,2,−,1.0
0,F-,"#_{a,ē,i,ō,u}",BR POR,+,f,f,42,−,F,B,2.5,−,2,−,1.0
1,F-,"#_{a,ē,i,ō,u}",AMR ESP,−,h,∅,∅,−,∅,H,-6,−,0,−,1.0
2,F-,"#_{a,ē,i,ō,u}",LAT,+,F,ɸ~f,114,−,F,B,2.75,−,2,−,1.0
3,F-,"#_{a,ē,i,ō,u}",CAT,+,f,f,42,−,F,B,2.5,−,2,−,1.0
4,F-,"#_{a,ē,i,ō,u}",VAL,+,f,f,42,−,F,B,2.5,−,2,−,1.0
5,F-,"#_{a,ē,i,ō,u}",BAL,+,f,f,42,−,F,B,2.5,−,2,−,1.0
6,F-,"#_{a,ē,i,ō,u}",OCC,+,f,f,42,−,F,B,2.5,−,2,−,1.0
7,F-,"#_{a,ē,i,ō,u}",GAS OCC,+,f,f,42,−,F,B,2.5,−,2,−,1.0
8,F-,"#_{a,ē,i,ō,u}",EU FRA,+,f,f,42,−,F,B,2.5,−,2,−,1.0
9,F-,"#_{a,ē,i,ō,u}",QBC FRA,+,f,f,42,−,F,B,2.5,−,2,−,1.0
10,F-,"#_{a,ē,i,ō,u}",WAL,+,f,f,42,−,F,B,2.5,−,2,−,1.0
11,F-,"#_{a,ē,i,ō,u}",ARP,+,f,f,42,−,F,B,2.5,−,2,−,1.0
12,F-,"#_{a,ē,i,ō,u}",LIG,+,f,f,42,−,F,B,2.5,−,2,−,1.0
13,F-,"#_{a,ē,i,ō,u}",EU POR,+,f,f,42,−,F,B,2.5,−,2,−,1.0
14,F-,"#_{a,ē,i,ō,u}",LMO,+,f,f,42,−,F,B,2.5,−,2,−,1.0
15,F-,"#_{a,ē,i,ō,u}",RMH,,,,,,,,,,,,1.0
16,F-,"#_{a,ē,i,ō,u}",FUR,+,f,f,42,−,F,B,2.5,−,2,−,1.0
17,F-,"#_{a,ē,i,ō,u}",LOG SRD,+,f,f,42,−,F,B,2.5,−,2,−,1.0
18,F-,"#_{a,ē,i,ō,u}",CPN SRD,+,f,f,42,−,F,B,2.5,−,2,−,1.0
19,F-,"#_{a,ē,i,ō,u}",COR,,,,,,,,,,,,1.0
20,F-,"#_{a,ē,i,ō,u}",ITA,+,f,f,42,−,F,B,2.5,−,2,−,1.0
21,F-,"#_{a,ē,i,ō,u}",ABR,,,,,,,,,,,,1.0
22,F-,"#_{a,ē,i,ō,u}",CAM,+,f,f,42,−,F,B,2.5,−,2,−,1.0
23,F-,"#_{a,ē,i,ō,u}",PGL,,,,,,,,,,,,1.0
24,F-,"#_{a,ē,i,ō,u}",SCN,+,f,f,42,−,F,B,2.5,−,2,−,1.0
25,F-,"#_{a,ē,i,ō,u}",VEN,+,f,f,42,−,F,B,2.5,−,2,−,1.0
26,F-,"#_{a,ē,i,ō,u}",ARO,+,f,f,42,−,F,B,2.5,−,2,−,1.0
27,F-,"#_{a,ē,i,ō,u}",ROM,+,f,f,42,−,F,B,2.5,−,2,−,1.0
28,F-,"#_{a,ē,i,ō,u}",GAL,+,f,f,42,−,F,B,2.5,−,2,−,1.0
29,F-,"#_{a,ē,i,ō,u}",ASL,+,f (ḥ),f (h),115,−,F,B (H),-0.16666666666666666,−,2,−,1.0
30,F-,"#_{a,ē,i,ō,u}",CAS ESP,−,h,∅,∅,−,∅,H,-6,−,0,−,1.0
31,F-,"#_{a,ē,i,ō,u}",AND ESP,−,h,h~∅,116,−,F~∅,H,-6,−,1,−,1.0
32,F-,"#_{a,ē,i,ō,u}",ARG,+,f,f,42,−,F,B,2.5,−,2,−,1.0
0,V-,#_E,BR POR,+,v,v,43,−,F,B,2.5,−,2,+,1.0
1,V-,#_E,AMR ESP,+,v,b,2,−,P,B,3,−,4,+,1.0
2,V-,#_E,LAT,+,V,w,97,−,W,BK,0,−,0.5,+,1.0
3,V-,#_E,CAT,+,v,b,2,−,P,B,3,−,4,+,1.0
4,V-,#_E,VAL,+,v,v,43,−,F,B,2.5,−,2,+,1.0
5,V-,#_E,BAL,+,v,v,43,−,F,B,2.5,−,2,+,1.0
6,V-,#_E,OCC,+,v,b~v,117,−,P~F,B,2.75,−,3,+,1.0
7,V-,#_E,GAS OCC,+,v,b,2,−,P,B,3,−,4,+,1.0
8,V-,#_E,EU FRA,+,v,v,43,−,F,B,2.5,−,2,+,1.0
9,V-,#_E,QBC FRA,+,v,v,43,−,F,B,2.5,−,2,+,1.0
10,V-,#_E,WAL,,,,,,,,,,,,1.0
11,V-,#_E,ARP,+,v,v,43,−,F,B,2.5,−,2,+,1.0
12,V-,#_E,LIG,,,,,,,,,,,,1.0
13,V-,#_E,EU POR,+,v,v,43,−,F,B,2.5,−,2,+,1.0
14,V-,#_E,LMO,+,v,v,43,−,F,B,2.5,−,2,+,1.0
15,V-,#_E,RMH,,,,,,,,,,,,1.0
16,V-,#_E,FUR,,,,,,,,,,,,1.0
17,V-,#_E,LOG SRD,+,b,b,2,−,P,B,3,−,4,+,1.0
18,V-,#_E,CPN SRD,+,b,b,2,−,P,B,3,−,4,+,1.0
19,V-,#_E,COR,,,,,,,,,,,,1.0
20,V-,#_E,ITA,+,v,v,43,−,F,B,2.5,−,2,+,1.0
21,V-,#_E,ABR,,,,,,,,,,,,1.0
22,V-,#_E,CAM,+,v,v,43,−,F,B,2.5,−,2,+,1.0
23,V-,#_E,PGL,,,,,,,,,,,,1.0
24,V-,#_E,SCN,+,v,v,43,−,F,B,2.5,−,2,+,1.0
25,V-,#_E,VEN,+,v,v,43,−,F,B,2.5,−,2,+,1.0
26,V-,#_E,ARO,+,v,v,43,−,F,B,2.5,−,2,+,1.0
27,V-,#_E,ROM,+,v,v,43,−,F,B,2.5,−,2,+,1.0
28,V-,#_E,GAL,+,v,b,2,−,P,B,3,−,4,+,1.0
29,V-,#_E,ASL,+,v,b,2,−,P,B,3,−,4,+,1.0
30,V-,#_E,CAS ESP,+,v,b,2,−,P,B,3,−,4,+,1.0
31,V-,#_E,AND ESP,+,v,b,2,−,P,B,3,−,4,+,1.0
32,V-,#_E,ARG,,,,,,,,,,,,1.0
0,V-,"#_{a,O}",BR POR,+,v,v,43,−,F,B,2.5,−,2,+,1.0
1,V-,"#_{a,O}",AMR ESP,+,v,b,2,−,P,B,3,−,4,+,1.0
2,V-,"#_{a,O}",LAT,+,V,w,97,−,W,BK,0,−,0.5,+,1.0
3,V-,"#_{a,O}",CAT,+,v,b,2,−,P,B,3,−,4,+,1.0
4,V-,"#_{a,O}",VAL,+,v,v,43,−,F,B,2.5,−,2,+,1.0
5,V-,"#_{a,O}",BAL,+,v,v,43,−,F,B,2.5,−,2,+,1.0
6,V-,"#_{a,O}",OCC,+,v,b~v,117,−,P~F,B,2.75,−,3,+,1.0
7,V-,"#_{a,O}",GAS OCC,+,v,b,2,−,P,B,3,−,4,+,1.0
8,V-,"#_{a,O}",EU FRA,+,v,v,43,−,F,B,2.5,−,2,+,1.0
9,V-,"#_{a,O}",QBC FRA,+,v,v,43,−,F,B,2.5,−,2,+,1.0
10,V-,"#_{a,O}",WAL,,,,,,,,,,,,1.0
11,V-,"#_{a,O}",ARP,+,v,v,43,−,F,B,2.5,−,2,+,1.0
12,V-,"#_{a,O}",LIG,,,,,,,,,,,,1.0
13,V-,"#_{a,O}",EU POR,+,v,v,43,−,F,B,2.5,−,2,+,1.0
14,V-,"#_{a,O}",LMO,+,v,v,43,−,F,B,2.5,−,2,+,1.0
15,V-,"#_{a,O}",RMH,,,,,,,,,,,,1.0
16,V-,"#_{a,O}",FUR,,,,,,,,,,,,1.0
17,V-,"#_{a,O}",LOG SRD,+,b,b,2,−,P,B,3,−,4,+,1.0
18,V-,"#_{a,O}",CPN SRD,+,b,b,2,−,P,B,3,−,4,+,1.0
19,V-,"#_{a,O}",COR,,,,,,,,,,,,1.0
20,V-,"#_{a,O}",ITA,+,v,v,43,−,F,B,2.5,−,2,+,1.0
21,V-,"#_{a,O}",ABR,,,,,,,,,,,,1.0
22,V-,"#_{a,O}",CAM,+,v,v,43,−,F,B,2.5,−,2,+,1.0
23,V-,"#_{a,O}",PGL,,,,,,,,,,,,1.0
24,V-,"#_{a,O}",SCN,+,v,v,43,−,F,B,2.5,−,2,+,1.0
25,V-,"#_{a,O}",VEN,+,v,v,43,−,F,B,2.5,−,2,+,1.0
26,V-,"#_{a,O}",ARO,+,v,v,43,−,F,B,2.5,−,2,+,1.0
27,V-,"#_{a,O}",ROM,+,v,v,43,−,F,B,2.5,−,2,+,1.0
28,V-,"#_{a,O}",GAL,+,v,b,2,−,P,B,3,−,4,+,1.0
29,V-,"#_{a,O}",ASL,+,v,b,2,−,P,B,3,−,4,+,1.0
30,V-,"#_{a,O}",CAS ESP,+,v,b,2,−,P,B,3,−,4,+,1.0
31,V-,"#_{a,O}",AND ESP,+,v,b,2,−,P,B,3,−,4,+,1.0
32,V-,"#_{a,O}",ARG,,,,,,,,,,,,1.0
0,S-,ˈ#_E,BR POR,+,s,s,50,−,F,D,1,+,2,−,1.0
1,S-,ˈ#_E,AMR ESP,+,s,s,50,−,F,D,1,+,2,−,1.0
2,S-,ˈ#_E,LAT,+,S,s̠,52,−,F,D,0.5,+,2,−,1.0
3,S-,ˈ#_E,CAT,+,s,s̠,52,−,F,D,0.5,+,2,−,1.0
4,S-,ˈ#_E,VAL,+,s,s̠,52,−,F,D,0.5,+,2,−,1.0
5,S-,ˈ#_E,BAL,+,s,s̠,52,−,F,D,0.5,+,2,−,1.0
6,S-,ˈ#_E,OCC,+,s,s̠,52,−,F,D,0.5,+,2,−,1.0
7,S-,ˈ#_E,GAS OCC,+,s,s̠,52,−,F,D,0.5,+,2,−,1.0
8,S-,ˈ#_E,EU FRA,+,s,s̪,48,−,F,D,1.3333333333333333,+,2,−,1.0
9,S-,ˈ#_E,QBC FRA,+,s,s̪,48,−,F,D,1.3333333333333333,+,2,−,1.0
10,S-,ˈ#_E,WAL,+,s,s̪,48,−,F,D,1.3333333333333333,+,2,−,1.0
11,S-,ˈ#_E,ARP,+,s,s,50,−,F,D,1,+,2,−,1.0
12,S-,ˈ#_E,LIG,,,,,,,,,,,,1.0
13,S-,ˈ#_E,EU POR,+,s,s (s̠),118,−,F,D,0.875,+,2,−,1.0
14,S-,ˈ#_E,LMO,+,s,s̠,52,−,F,D,0.5,+,2,−,1.0
15,S-,ˈ#_E,RMH,,,,,,,,,,,,1.0
16,S-,ˈ#_E,FUR,,,,,,,,,,,,1.0
17,S-,ˈ#_E,LOG SRD,+,s,s̠,52,−,F,D,0.5,+,2,−,1.0
18,S-,ˈ#_E,CPN SRD,+,s,s (s̠),118,−,F,D,0.875,+,2,−,1.0
19,S-,ˈ#_E,COR,,,,,,,,,,,,1.0
20,S-,ˈ#_E,ITA,+,s,s,50,−,F,D,1,+,2,−,1.0
21,S-,ˈ#_E,ABR,+,s,s,50,−,F,D,1,+,2,−,1.0
22,S-,ˈ#_E,CAM,+,s,s,50,−,F,D,1,+,2,−,1.0
23,S-,ˈ#_E,PGL,+,s,s,50,−,F,D,1,+,2,−,1.0
24,S-,ˈ#_E,SCN,+,s,s,50,−,F,D,1,+,2,−,1.0
25,S-,ˈ#_E,VEN,+,s,s̠,52,−,F,D,0.5,+,2,−,1.0
26,S-,ˈ#_E,ARO,+,s,s̪,48,−,F,D,1.3333333333333333,+,2,−,1.0
27,S-,ˈ#_E,ROM,+,s,s̪,48,−,F,D,1.3333333333333333,+,2,−,1.0
29,S-,ˈ#_E,ROM,+,ș,ʃ,56,−,F,Ɉ,-0.5,+,2,−,2.0
30,S-,ˈ#_E,GAL,+,s,s̠,122,−,F,D,0.625,+,2,−,1.0
31,S-,ˈ#_E,ASL,+,s,s̠,52,−,F,D,0.5,+,2,−,1.0
32,S-,ˈ#_E,CAS ESP,+,s,s̠,52,−,F,D,0.5,+,2,−,1.0
33,S-,ˈ#_E,AND ESP,+,s,s̟,46,−,F,D,1.6666666666666667,+,2,−,1.0
34,S-,ˈ#_E,ARG,+,s,s̠,52,−,F,D,0.5,+,2,−,1.0
0,S-,#_Eˈ,BR POR,+,s,s,50,−,F,D,1,+,2,−,1.0
1,S-,#_Eˈ,AMR ESP,+,s,s,50,−,F,D,1,+,2,−,1.0
2,S-,#_Eˈ,LAT,+,S,s̠,52,−,F,D,0.5,+,2,−,1.0
3,S-,#_Eˈ,CAT,+,s,s̠,52,−,F,D,0.5,+,2,−,1.0
4,S-,#_Eˈ,VAL,+,s,s̠,52,−,F,D,0.5,+,2,−,1.0
5,S-,#_Eˈ,BAL,+,s,s̠,52,−,F,D,0.5,+,2,−,1.0
6,S-,#_Eˈ,OCC,+,s,s̠,52,−,F,D,0.5,+,2,−,1.0
7,S-,#_Eˈ,GAS OCC,+,s,s̠,52,−,F,D,0.5,+,2,−,1.0
8,S-,#_Eˈ,EU FRA,+,s,s̪,48,−,F,D,1.3333333333333333,+,2,−,1.0
9,S-,#_Eˈ,QBC FRA,+,s,s̪,48,−,F,D,1.3333333333333333,+,2,−,1.0
10,S-,#_Eˈ,WAL,+,s,s̪,48,−,F,D,1.3333333333333333,+,2,−,1.0
11,S-,#_Eˈ,ARP,+,s,s,50,−,F,D,1,+,2,−,1.0
12,S-,#_Eˈ,LIG,,,,,,,,,,,,1.0
13,S-,#_Eˈ,EU POR,+,s,s (s̠),118,−,F,D,0.875,+,2,−,1.0
14,S-,#_Eˈ,LMO,+,s,s̠,52,−,F,D,0.5,+,2,−,1.0
15,S-,#_Eˈ,RMH,,,,,,,,,,,,1.0
16,S-,#_Eˈ,FUR,,,,,,,,,,,,1.0
17,S-,#_Eˈ,LOG SRD,+,s,s̠,52,−,F,D,0.5,+,2,−,1.0
18,S-,#_Eˈ,CPN SRD,+,s,s (s̠),118,−,F,D,0.875,+,2,−,1.0
19,S-,#_Eˈ,COR,,,,,,,,,,,,1.0
20,S-,#_Eˈ,ITA,+,s,s,50,−,F,D,1,+,2,−,1.0
21,S-,#_Eˈ,ABR,+,s,s,50,−,F,D,1,+,2,−,1.0
22,S-,#_Eˈ,CAM,+,s,s,50,−,F,D,1,+,2,−,1.0
23,S-,#_Eˈ,PGL,+,s,s,50,−,F,D,1,+,2,−,1.0
24,S-,#_Eˈ,SCN,+,s,s,50,−,F,D,1,+,2,−,1.0
25,S-,#_Eˈ,VEN,+,s,s̠,52,−,F,D,0.5,+,2,−,1.0
26,S-,#_Eˈ,ARO,+,s,s̪,48,−,F,D,1.3333333333333333,+,2,−,1.0
27,S-,#_Eˈ,ROM,+,s,s̪,48,−,F,D,1.3333333333333333,+,2,−,1.0
29,S-,#_Eˈ,ROM,+,ș,ʃ,56,−,F,Ɉ,-0.5,+,2,−,2.0
30,S-,#_Eˈ,GAL,+,s,s̠,122,−,F,D,0.625,+,2,−,1.0
31,S-,#_Eˈ,ASL,+,s,s̠,52,−,F,D,0.5,+,2,−,1.0
32,S-,#_Eˈ,CAS ESP,+,s,s̠,52,−,F,D,0.5,+,2,−,1.0
33,S-,#_Eˈ,AND ESP,+,s,s̟,46,−,F,D,1.6666666666666667,+,2,−,1.0
34,S-,#_Eˈ,ARG,+,s,s̠,52,−,F,D,0.5,+,2,−,1.0
0,S-,"#_{a,O}",BR POR,+,s,s,50,−,F,D,1,+,2,−,1.0
1,S-,"#_{a,O}",AMR ESP,+,s,s,50,−,F,D,1,+,2,−,1.0
2,S-,"#_{a,O}",LAT,+,S,s̠,52,−,F,D,0.5,+,2,−,1.0
3,S-,"#_{a,O}",CAT,+,s,s̠,52,−,F,D,0.5,+,2,−,1.0
4,S-,"#_{a,O}",VAL,+,s,s̠,52,−,F,D,0.5,+,2,−,1.0
5,S-,"#_{a,O}",BAL,+,s,s̠,52,−,F,D,0.5,+,2,−,1.0
6,S-,"#_{a,O}",OCC,+,s,s̠,52,−,F,D,0.5,+,2,−,1.0
7,S-,"#_{a,O}",GAS OCC,+,s,s̠,52,−,F,D,0.5,+,2,−,1.0
8,S-,"#_{a,O}",EU FRA,+,s,s̪,48,−,F,D,1.3333333333333333,+,2,−,1.0
9,S-,"#_{a,O}",QBC FRA,+,s,s̪,48,−,F,D,1.3333333333333333,+,2,−,1.0
10,S-,"#_{a,O}",WAL,+,s,s̪,48,−,F,D,1.3333333333333333,+,2,−,1.0
11,S-,"#_{a,O}",ARP,+,s,s,50,−,F,D,1,+,2,−,1.0
12,S-,"#_{a,O}",LIG,,,,,,,,,,,,1.0
13,S-,"#_{a,O}",EU POR,+,s,s (s̠),118,−,F,D,0.875,+,2,−,1.0
14,S-,"#_{a,O}",LMO,+,s,s̠,52,−,F,D,0.5,+,2,−,1.0
15,S-,"#_{a,O}",RMH,,,,,,,,,,,,1.0
16,S-,"#_{a,O}",FUR,,,,,,,,,,,,1.0
17,S-,"#_{a,O}",LOG SRD,+,s,s̠,52,−,F,D,0.5,+,2,−,1.0
18,S-,"#_{a,O}",CPN SRD,+,s,s (s̠),118,−,F,D,0.875,+,2,−,1.0
19,S-,"#_{a,O}",COR,,,,,,,,,,,,1.0
20,S-,"#_{a,O}",ITA,+,s,s,50,−,F,D,1,+,2,−,1.0
21,S-,"#_{a,O}",ABR,+,s,s,50,−,F,D,1,+,2,−,1.0
22,S-,"#_{a,O}",CAM,+,s,s,50,−,F,D,1,+,2,−,1.0
23,S-,"#_{a,O}",PGL,+,s,s,50,−,F,D,1,+,2,−,1.0
24,S-,"#_{a,O}",SCN,+,s,s,50,−,F,D,1,+,2,−,1.0
25,S-,"#_{a,O}",VEN,+,s,s̠,52,−,F,D,0.5,+,2,−,1.0
26,S-,"#_{a,O}",ARO,+,s,s̪,48,−,F,D,1.3333333333333333,+,2,−,1.0
27,S-,"#_{a,O}",ROM,+,s,s̪,48,−,F,D,1.3333333333333333,+,2,−,1.0
28,S-,"#_{a,O}",GAL,+,s,s̠,122,−,F,D,0.625,+,2,−,1.0
29,S-,"#_{a,O}",ASL,+,s,s̠,52,−,F,D,0.5,+,2,−,1.0
30,S-,"#_{a,O}",CAS ESP,+,s,s̠,52,−,F,D,0.5,+,2,−,1.0
31,S-,"#_{a,O}",AND ESP,+,s,s̟,46,−,F,D,1.6666666666666667,+,2,−,1.0
32,S-,"#_{a,O}",ARG,+,s,s̠,52,−,F,D,0.5,+,2,−,1.0
0,H-,#_,BR POR,−,h~∅,∅,∅,−,∅,H,-6,−,0,−,1.0
1,H-,#_,AMR ESP,−,h~∅,∅,∅,−,∅,H,-6,−,0,−,1.0
2,H-,#_,LAT,−,H (∅),h~∅,116,−,F~∅,H,-6,−,1,−,1.0
3,H-,#_,CAT,−,h~∅,∅,∅,−,∅,H,-6,−,0,−,1.0
4,H-,#_,VAL,−,h~∅,∅,∅,−,∅,H,-6,−,0,−,1.0
5,H-,#_,BAL,−,h~∅,∅,∅,−,∅,H,-6,−,0,−,1.0
6,H-,#_,OCC,−,∅,∅,∅,−,∅,H,-6,−,0,−,1.0
7,H-,#_,GAS OCC,−,∅,∅,∅,−,∅,H,-6,−,0,−,1.0
8,H-,#_,EU FRA,−,h~∅,∅,∅,−,∅,H,-6,−,0,−,1.0
9,H-,#_,QBC FRA,−,h~∅,∅,∅,−,∅,H,-6,−,0,−,1.0
10,H-,#_,WAL,−,h,h~∅,116,−,F~∅,H,-6,−,1,−,1.0
11,H-,#_,ARP,−,h~∅,∅,∅,−,∅,H,-6,−,0,−,1.0
12,H-,#_,LIG,−,,∅,∅,−,∅,H,-6,−,0,−,1.0
13,H-,#_,EU POR,−,h/∅,∅,∅,−,∅,H,-6,−,0,−,1.0
14,H-,#_,LMO,−,∅,∅,∅,−,∅,H,-6,−,0,−,1.0
15,H-,#_,RMH,−,∅,∅,∅,−,∅,H,-6,−,0,−,1.0
16,H-,#_,FUR,−,,∅,∅,−,∅,H,-6,−,0,−,1.0
17,H-,#_,LOG SRD,−,∅,∅,∅,−,∅,H,-6,−,0,−,1.0
18,H-,#_,CPN SRD,−,∅,∅,∅,−,∅,H,-6,−,0,−,1.0
19,H-,#_,COR,−,∅,∅,∅,−,∅,H,-6,−,0,−,1.0
20,H-,#_,ITA,−,∅,∅,∅,−,∅,H,-6,−,0,−,1.0
21,H-,#_,ABR,−,∅,∅,∅,−,∅,H,-6,−,0,−,1.0
22,H-,#_,CAM,−,∅,∅,∅,−,∅,H,-6,−,0,−,1.0
23,H-,#_,PGL,−,∅,∅,∅,−,∅,H,-6,−,0,−,1.0
24,H-,#_,SCN,−,∅,∅,∅,−,∅,H,-6,−,0,−,1.0
25,H-,#_,VEN,−,∅,∅,∅,−,∅,H,-6,−,0,−,1.0
26,H-,#_,ARO,−,∅,∅,∅,−,∅,H,-6,−,0,−,1.0
27,H-,#_,ROM,−,∅,∅,∅,−,∅,H,-6,−,0,−,1.0
29,H-,#_,WAL,−,∅,∅,∅,−,∅,H,-6,−,0,−,2.0
30,H-,#_,ITA,−,∅/h,∅,∅,−,∅,H,-6,−,0,−,2.0
31,H-,#_,CAM,−,∅/h,∅,∅,−,∅,H,-6,−,0,−,2.0
32,H-,#_,SCN,−,∅/h,∅,∅,−,∅,H,-6,−,0,−,2.0
33,H-,#_,GAL,−,h~∅,∅,∅,−,∅,H,-6,−,0,−,1.0
34,H-,#_,ASL,−,h~∅,∅,∅,−,∅,H,-6,−,0,−,1.0
35,H-,#_,CAS ESP,−,h~∅,∅,∅,−,∅,H,-6,−,0,−,1.0
36,H-,#_,AND ESP,−,h~∅,∅,∅,−,∅,H,-6,−,0,−,1.0
37,H-,#_,ARG,−,h~∅,∅,∅,−,∅,H,-6,−,0,−,1.0
0,R-,#_,BR POR,+,r,x~h,125,−,F,K~H,-4.5,−,2,−,1.0
1,R-,#_,AMR ESP,+,r,r,79,−,L,D,0.75,−,1.25,+,1.0
2,R-,#_,LAT,+,R,r,79,−,L,D,0.75,−,1.25,+,1.0
3,R-,#_,CAT,+,r,r̠,124,−,L,Ɉ,-0.5,−,1.25,+,1.0
4,R-,#_,VAL,+,r,r̠,124,−,L,Ɉ,-0.5,−,1.25,+,1.0
5,R-,#_,BAL,+,r,r̠,124,−,L,Ɉ,-0.5,−,1.25,+,1.0
6,R-,#_,OCC,+,rr,rː (ʀ),127,−,LL (L),D (Q),-0.8333333333333334,−,1.4583333333333333,+,1.0
7,R-,#_,GAS OCC,+,rr,rː,125,−,LL,D,0.75,−,1.5625,+,1.0
8,R-,#_,EU FRA,+,rr,ʁ (ʀ),128,−,F (L),Q,-4,−,1.75,+,1.0
9,R-,#_,QBC FRA,+,rr,ʁ (ʀ),128,−,F (L),Q,-4,−,1.75,+,1.0
10,R-,#_,WAL,+,r,ʀ,81,−,L,Q,-4,−,1.25,+,1.0
11,R-,#_,ARP,+,rr,rː (ʀ),127,−,LL (L),D (Q),-0.8333333333333334,−,1.4583333333333333,+,1.0
12,R-,#_,LIG,+,r,r,79,−,L,D,0.75,−,1.25,+,1.0
13,R-,#_,EU POR,+,r,ʁ~ʀ (r),123,−,L (F),Q (D),-2.4166666666666665,−,1.5,+,1.0
14,R-,#_,LMO,+,r,r,79,−,L,D,0.75,−,1.25,+,1.0
15,R-,#_,RMH,+,r,r (ʁ),132,−,L (F),D (Q),-0.8333333333333334,−,1.5,+,1.0
16,R-,#_,FUR,+,r,r,79,−,L,D,0.75,−,1.25,+,1.0
17,R-,#_,LOG SRD,+,r,r,79,−,L,D,0.75,−,1.25,+,1.0
18,R-,#_,CPN SRD,+,r,r,79,−,L,D,0.75,−,1.25,+,1.0
19,R-,#_,COR,+,r,r,79,−,L,D,0.75,−,1.25,+,1.0
20,R-,#_,ITA,+,r,r,79,−,L,D,0.75,−,1.25,+,1.0
21,R-,#_,ABR,+,r,r,79,−,L,D,0.75,−,1.25,+,1.0
22,R-,#_,CAM,+,r,r,79,−,L,D,0.75,−,1.25,+,1.0
23,R-,#_,PGL,+,r,r,79,−,L,D,0.75,−,1.25,+,1.0
24,R-,#_,SCN,+,r,ʐː~rː,128,−,FF~LL,Ɉ~D,-0.25,+/−,2.03125,+,1.0
25,R-,#_,VEN,+,r,r,79,−,L,D,0.75,−,1.25,+,1.0
26,R-,#_,ARO,+,r,r̪,78,−,L,D,1.6666666666666667,−,1.25,+,1.0
27,R-,#_,ROM,+,r,r̪,78,−,L,D,1.6666666666666667,−,1.25,+,1.0
28,R-,#_,GAL,+,r,r,79,−,L,D,0.75,−,1.25,+,1.0
29,R-,#_,ASL,+,r,r,79,−,L,D,0.75,−,1.25,+,1.0
30,R-,#_,CAS ESP,+,r,r,79,−,L,D,0.75,−,1.25,+,1.0
31,R-,#_,AND ESP,+,r,r,79,−,L,D,0.75,−,1.25,+,1.0
32,R-,#_,ARG,+,r,r,79,−,L,D,0.75,−,1.25,+,1.0
0,L-,#_E,BR POR,+,l,l,85,+,LW,D,0.75,−,0.75,+,1.0
1,L-,#_E,AMR ESP,+,l,l,85,+,LW,D,0.75,−,0.75,+,1.0
2,L-,#_E,LAT,+,L,l,85,+,LW,D,0.75,−,0.75,+,1.0
3,L-,#_E,CAT,+,ll,ȴ [ʎ̟],86,+,LW,Ɉ,0,−,0.75,+,1.0
4,L-,#_E,VAL,+,ll,ȴ [ʎ̟],86,+,LW,Ɉ,0,−,0.75,+,1.0
5,L-,#_E,BAL,+,ll,ȴ [ʎ̟],86,+,LW,Ɉ,0,−,0.75,+,1.0
6,L-,#_E,OCC,+,l,l,85,+,LW,D,0.75,−,0.75,+,1.0
7,L-,#_E,GAS OCC,+,l,l,85,+,LW,D,0.75,−,0.75,+,1.0
8,L-,#_E,EU FRA,+,l,l,85,+,LW,D,0.75,−,0.75,+,1.0
9,L-,#_E,QBC FRA,+,l,l,85,+,LW,D,0.75,−,0.75,+,1.0
10,L-,#_E,WAL,+,l,l,85,+,LW,D,0.75,−,0.75,+,1.0
11,L-,#_E,ARP,+,l,l,85,+,LW,D,0.75,−,0.75,+,1.0
12,L-,#_E,LIG,+,l,l,85,+,LW,D,0.75,−,0.75,+,1.0
13,L-,#_E,EU POR,+,l,ɫ̪,87,+,LW,DQ,-1.1666666666666667,−,0.75,+,1.0
14,L-,#_E,LMO,+,l,l,85,+,LW,D,0.75,−,0.75,+,1.0
15,L-,#_E,RMH,+,l,l,85,+,LW,D,0.75,−,0.75,+,1.0
16,L-,#_E,FUR,+,l,l,85,+,LW,D,0.75,−,0.75,+,1.0
17,L-,#_E,LOG SRD,+,l,l,85,+,LW,D,0.75,−,0.75,+,1.0
18,L-,#_E,CPN SRD,+,l,l,85,+,LW,D,0.75,−,0.75,+,1.0
19,L-,#_E,COR,+,l,l,85,+,LW,D,0.75,−,0.75,+,1.0
20,L-,#_E,ITA,+,l,l,85,+,LW,D,0.75,−,0.75,+,1.0
21,L-,#_E,ABR,+,l,l,85,+,LW,D,0.75,−,0.75,+,1.0
22,L-,#_E,CAM,+,l,l,85,+,LW,D,0.75,−,0.75,+,1.0
23,L-,#_E,PGL,+,l,l,85,+,LW,D,0.75,−,0.75,+,1.0
24,L-,#_E,SCN,+,l,l,85,+,LW,D,0.75,−,0.75,+,1.0
25,L-,#_E,VEN,+,ł,l~ɰ,131,+/−,LW~W,D~K,-1.125,−,0.5416666666666666,+,1.0
26,L-,#_E,ARO,+,l,l,85,+,LW,D,0.75,−,0.75,+,1.0
27,L-,#_E,ROM,+,l,l,85,+,LW,D,0.75,−,0.75,+,1.0
29,L-,#_E,RMH,+,gl,ȴ [ʎ̟],86,+,LW,Ɉ,0,−,0.75,+,2.0
30,L-,#_E,GAL,+,l,l,85,+,LW,D,0.75,−,0.75,+,1.0
31,L-,#_E,ASL,+,ll (ḷḷ),ȴ[ʎ̟] (ʈ͡ʂ),129,+ (−),LW (P͡F),Ɉ,-0.4166666666666667,− (+),1.5,+ (−),1.0
32,L-,#_E,CAS ESP,+,l,l,85,+,LW,D,0.75,−,0.75,+,1.0
33,L-,#_E,AND ESP,+,l,l,85,+,LW,D,0.75,−,0.75,+,1.0
34,L-,#_E,ARG,+,l (ll),l (ȴ),130,+,LW,D (Ɉ),0.5625,−,0.75,+,1.0
0,L-,"#_{a,O}",BR POR,+,l,l,85,+,LW,D,0.75,−,0.75,+,1.0
1,L-,"#_{a,O}",AMR ESP,+,l,l,85,+,LW,D,0.75,−,0.75,+,1.0
2,L-,"#_{a,O}",LAT,+,L,l,85,+,LW,D,0.75,−,0.75,+,1.0
3,L-,"#_{a,O}",CAT,+,ll,ȴ [ʎ̟],86,+,LW,Ɉ,0,−,0.75,+,1.0
4,L-,"#_{a,O}",VAL,+,ll,ȴ [ʎ̟],86,+,LW,Ɉ,0,−,0.75,+,1.0
5,L-,"#_{a,O}",BAL,+,ll,ȴ [ʎ̟],86,+,LW,Ɉ,0,−,0.75,+,1.0
6,L-,"#_{a,O}",OCC,+,l,l,85,+,LW,D,0.75,−,0.75,+,1.0
7,L-,"#_{a,O}",GAS OCC,+,l,l,85,+,LW,D,0.75,−,0.75,+,1.0
8,L-,"#_{a,O}",EU FRA,+,l,l,85,+,LW,D,0.75,−,0.75,+,1.0
9,L-,"#_{a,O}",QBC FRA,+,l,l,85,+,LW,D,0.75,−,0.75,+,1.0
10,L-,"#_{a,O}",WAL,+,l,l,85,+,LW,D,0.75,−,0.75,+,1.0
11,L-,"#_{a,O}",ARP,+,l,l,85,+,LW,D,0.75,−,0.75,+,1.0
12,L-,"#_{a,O}",LIG,+,l,l,85,+,LW,D,0.75,−,0.75,+,1.0
13,L-,"#_{a,O}",EU POR,+,l,ɫ̪,87,+,LW,DQ,-1.1666666666666667,−,0.75,+,1.0
14,L-,"#_{a,O}",LMO,+,l,l,85,+,LW,D,0.75,−,0.75,+,1.0
15,L-,"#_{a,O}",RMH,+,l,l,85,+,LW,D,0.75,−,0.75,+,1.0
16,L-,"#_{a,O}",FUR,+,l,l,85,+,LW,D,0.75,−,0.75,+,1.0
17,L-,"#_{a,O}",LOG SRD,+,l,l,85,+,LW,D,0.75,−,0.75,+,1.0
18,L-,"#_{a,O}",CPN SRD,+,l,l,85,+,LW,D,0.75,−,0.75,+,1.0
19,L-,"#_{a,O}",COR,+,l,l,85,+,LW,D,0.75,−,0.75,+,1.0
20,L-,"#_{a,O}",ITA,+,l,l,85,+,LW,D,0.75,−,0.75,+,1.0
21,L-,"#_{a,O}",ABR,+,l,l,85,+,LW,D,0.75,−,0.75,+,1.0
22,L-,"#_{a,O}",CAM,+,l,l,85,+,LW,D,0.75,−,0.75,+,1.0
23,L-,"#_{a,O}",PGL,+,l,l,85,+,LW,D,0.75,−,0.75,+,1.0
24,L-,"#_{a,O}",SCN,+,l,l,85,+,LW,D,0.75,−,0.75,+,1.0
25,L-,"#_{a,O}",VEN,+,ł,l~ɰ,131,+/−,LW~W,D~K,-1.125,−,0.5416666666666666,+,1.0
26,L-,"#_{a,O}",ARO,+,l,l,85,+,LW,D,0.75,−,0.75,+,1.0
27,L-,"#_{a,O}",ROM,+,l,l,85,+,LW,D,0.75,−,0.75,+,1.0
29,L-,"#_{a,O}",RMH,+,gl,ȴ [ʎ̟],86,+,LW,Ɉ,0,−,0.75,+,2.0
30,L-,"#_{a,O}",GAL,+,l,l,85,+,LW,D,0.75,−,0.75,+,1.0
31,L-,"#_{a,O}",ASL,+,ll (ḷḷ),ȴ[ʎ̟] (ʈ͡ʂ),129,+ (−),LW (P͡F),Ɉ,-0.4166666666666667,− (+),1.5,+ (−),1.0
32,L-,"#_{a,O}",CAS ESP,+,l,l,85,+,LW,D,0.75,−,0.75,+,1.0
33,L-,"#_{a,O}",AND ESP,+,l,l,85,+,LW,D,0.75,−,0.75,+,1.0
34,L-,"#_{a,O}",ARG,+,l (ll),l (ȴ),130,+,LW,D (Ɉ),0.5625,−,0.75,+,1.0
0,J-,#_O,BR POR,+,j,ʒ,57,−,F,Ɉ,-0.5,+,2,+,1.0
1,J-,#_O,AMR ESP,+,j,h,68,−,F,H,-6,−,2,+,1.0
2,J-,#_O,LAT,+,I,j,98,−,W,Ɉ,-2,−,0.5,+,1.0
3,J-,#_O,CAT,+,j,ʒ,57,−,F,Ɉ,-0.5,+,2,+,1.0
4,J-,#_O,VAL,+,j,d̠͡ʒ,35,−,P͡F,Ɉ,-0.5,+,3,+,1.0
5,J-,#_O,BAL,+,j,ʒ,57,−,F,Ɉ,-0.5,+,2,+,1.0
6,J-,#_O,OCC,+,g,d̠͡ʒ,35,−,P͡F,Ɉ,-0.5,+,3,+,1.0
7,J-,#_O,GAS OCC,+,g,ʒ,57,−,F,Ɉ,-0.5,+,2,+,1.0
8,J-,#_O,EU FRA,+,j,ʒ,57,−,F,Ɉ,-0.5,+,2,+,1.0
9,J-,#_O,QBC FRA,+,j,ʒ,57,−,F,Ɉ,-0.5,+,2,+,1.0
10,J-,#_O,WAL,+,dj,d̠͡ʒ,35,−,P͡F,Ɉ,-0.5,+,3,+,1.0
11,J-,#_O,ARP,+,j/g,d͡z~ð,107,−,P͡F~F,D,1.5,+/−,2.5,+,1.0
12,J-,#_O,LIG,+,z,z̠ (d͡z̠),111,−,F (P͡F),D,0.5,+,2.3333333333333335,+,1.0
13,J-,#_O,EU POR,+,j,ʒ,57,−,F,Ɉ,-0.5,+,2,+,1.0
14,J-,#_O,LMO,+,sg,d̠͡ʒ~z̠,108,−,P͡F~F,Ɉ~D,0,+,2.5,+,1.0
15,J-,#_O,RMH,,gi,,,,,,,,,,1.0
16,J-,#_O,FUR,,z,,,,,,,,,,1.0
17,J-,#_O,LOG SRD,+,j,j,98,−,W,Ɉ,-2,−,0.5,+,1.0
18,J-,#_O,CPN SRD,+,gi,d̠͡ʒ,35,−,P͡F,Ɉ,-0.5,+,3,+,1.0
19,J-,#_O,COR,,,,,,,,,,,,1.0
20,J-,#_O,ITA,+,gi,d̠͡ʒ,35,−,P͡F,Ɉ,-0.5,+,3,+,1.0
21,J-,#_O,ABR,,,,,,,,,,,,1.0
22,J-,#_O,CAM,,,,,,,,,,,,1.0
23,J-,#_O,PGL,,,,,,,,,,,,1.0
24,J-,#_O,SCN,+,j,j,98,−,W,Ɉ,-2,−,0.5,+,1.0
25,J-,#_O,VEN,,,,,,,,,,,,1.0
26,J-,#_O,ARO,,,,,,,,,,,,1.0
27,J-,#_O,ROM,+,j,ʒ,57,−,F,Ɉ,-0.5,+,2,+,1.0
28,J-,#_O,GAL,+,x,ʃ,56,−,F,Ɉ,-0.5,+,2,−,1.0
29,J-,#_O,ASL,+,x,ʃ,56,−,F,Ɉ,-0.5,+,2,−,1.0
30,J-,#_O,CAS ESP,+,j,x,63,−,F,K,-3,−,2,−,1.0
31,J-,#_O,AND ESP,+,j,h,68,−,F,H,-6,−,2,+,1.0
32,J-,#_O,ARG,+,ch,t̠͡ʃ,34,−,P͡F,Ɉ,-0.5,+,3,−,1.0
0,J-,"#_{a,E}ˈ",BR POR,+,j,ʒ,57,−,F,Ɉ,-0.5,+,2,+,1.0
1,J-,"#_{a,E}ˈ",AMR ESP,−,∅,∅,∅,−,∅,Ɉ,-2,−,0,+,1.0
2,J-,"#_{a,E}ˈ",LAT,+,I,j,98,−,W,Ɉ,-2,−,0.5,+,1.0
3,J-,"#_{a,E}ˈ",CAT,+,j,ʒ,57,−,F,Ɉ,-0.5,+,2,+,1.0
4,J-,"#_{a,E}ˈ",VAL,+,j,d̠͡ʒ,35,−,P͡F,Ɉ,-0.5,+,3,+,1.0
5,J-,"#_{a,E}ˈ",BAL,+,j,ʒ,57,−,F,Ɉ,-0.5,+,2,+,1.0
6,J-,"#_{a,E}ˈ",OCC,+,g,d̠͡ʒ,35,−,P͡F,Ɉ,-0.5,+,3,+,1.0
7,J-,"#_{a,E}ˈ",GAS OCC,+,g,ʒ,57,−,F,Ɉ,-0.5,+,2,+,1.0
8,J-,"#_{a,E}ˈ",EU FRA,+,j/g,ʒ,57,−,F,Ɉ,-0.5,+,2,+,1.0
9,J-,"#_{a,E}ˈ",QBC FRA,+,j/g,ʒ,57,−,F,Ɉ,-0.5,+,2,+,1.0
10,J-,"#_{a,E}ˈ",WAL,+,dj,d̠͡ʒ,35,−,P͡F,Ɉ,-0.5,+,3,+,1.0
11,J-,"#_{a,E}ˈ",ARP,+,j/g,d͡z~ð,107,−,P͡F~F,D,1.5,+/−,2.5,+,1.0
12,J-,"#_{a,E}ˈ",LIG,+,z,z̠ (d͡z̠),111,−,F (P͡F),D,0.5,+,2.3333333333333335,+,1.0
13,J-,"#_{a,E}ˈ",EU POR,+,j,ʒ,57,−,F,Ɉ,-0.5,+,2,+,1.0
14,J-,"#_{a,E}ˈ",LMO,+,sg,d̠͡ʒ~z̠,108,−,P͡F~F,Ɉ~D,0,+,2.5,+,1.0
15,J-,"#_{a,E}ˈ",RMH,,g?,,,,,,,,,,1.0
16,J-,"#_{a,E}ˈ",FUR,,z,,,,,,,,,,1.0
17,J-,"#_{a,E}ˈ",LOG SRD,,j? gh?,,,,,,,,,,1.0
18,J-,"#_{a,E}ˈ",CPN SRD,,gi,,,,,,,,,,1.0
19,J-,"#_{a,E}ˈ",COR,,,,,,,,,,,,1.0
20,J-,"#_{a,E}ˈ",ITA,+,gi,d̠͡ʒ,35,−,P͡F,Ɉ,-0.5,+,3,+,1.0
21,J-,"#_{a,E}ˈ",ABR,,,,,,,,,,,,1.0
22,J-,"#_{a,E}ˈ",CAM,,,,,,,,,,,,1.0
23,J-,"#_{a,E}ˈ",PGL,,,,,,,,,,,,1.0
24,J-,"#_{a,E}ˈ",SCN,+,j,j,98,−,W,Ɉ,-2,−,0.5,+,1.0
25,J-,"#_{a,E}ˈ",VEN,,,,,,,,,,,,1.0
26,J-,"#_{a,E}ˈ",ARO,,,,,,,,,,,,1.0
27,J-,"#_{a,E}ˈ",ROM,+,j,ʒ,57,−,F,Ɉ,-0.5,+,2,+,1.0
28,J-,"#_{a,E}ˈ",GAL,+,x,ʃ,56,−,F,Ɉ,-0.5,+,2,−,1.0
29,J-,"#_{a,E}ˈ",ASL,+,x,ʃ,56,−,F,Ɉ,-0.5,+,2,−,1.0
30,J-,"#_{a,E}ˈ",CAS ESP,−,∅,∅,∅,−,∅,Ɉ,-2,−,0,+,1.0
31,J-,"#_{a,E}ˈ",AND ESP,−,∅,∅,∅,−,∅,Ɉ,-2,−,0,+,1.0
32,J-,"#_{a,E}ˈ",ARG,+,ch,t̠͡ʃ,34,−,P͡F,Ɉ,-0.5,+,3,−,1.0
0,J-,"ˈ#_{a,E}",BR POR,+,j,ʒ,57,−,F,Ɉ,-0.5,+,2,+,1.0
1,J-,"ˈ#_{a,E}",AMR ESP,+,y,ɟ͡ʝ,39,−,P͡F,Ɉ,-2,−,3,+,1.0
2,J-,"ˈ#_{a,E}",LAT,+,I,j,98,−,W,Ɉ,-2,−,0.5,+,1.0
3,J-,"ˈ#_{a,E}",CAT,+,j,ʒ,57,−,F,Ɉ,-0.5,+,2,+,1.0
4,J-,"ˈ#_{a,E}",VAL,+,j,d̠͡ʒ,35,−,P͡F,Ɉ,-0.5,+,3,+,1.0
5,J-,"ˈ#_{a,E}",BAL,+,j,ʒ,57,−,F,Ɉ,-0.5,+,2,+,1.0
6,J-,"ˈ#_{a,E}",OCC,+,g,d̠͡ʒ,35,−,P͡F,Ɉ,-0.5,+,3,+,1.0
7,J-,"ˈ#_{a,E}",GAS OCC,+,g,ʒ,57,−,F,Ɉ,-0.5,+,2,+,1.0
8,J-,"ˈ#_{a,E}",EU FRA,+,j/g,ʒ,57,−,F,Ɉ,-0.5,+,2,+,1.0
9,J-,"ˈ#_{a,E}",QBC FRA,+,j/g,ʒ,57,−,F,Ɉ,-0.5,+,2,+,1.0
10,J-,"ˈ#_{a,E}",WAL,+,dj,d̠͡ʒ,35,−,P͡F,Ɉ,-0.5,+,3,+,1.0
11,J-,"ˈ#_{a,E}",ARP,+,j/g,d͡z~ð,107,−,P͡F~F,D,1.5,+/−,2.5,+,1.0
12,J-,"ˈ#_{a,E}",LIG,+,z,z̠ (d͡z̠),111,−,F (P͡F),D,0.5,+,2.3333333333333335,+,1.0
13,J-,"ˈ#_{a,E}",EU POR,+,j,ʒ,57,−,F,Ɉ,-0.5,+,2,+,1.0
14,J-,"ˈ#_{a,E}",LMO,+,sg,d̠͡ʒ~z̠,108,−,P͡F~F,Ɉ~D,0,+,2.5,+,1.0
15,J-,"ˈ#_{a,E}",RMH,,,,,,,,,,,,1.0
16,J-,"ˈ#_{a,E}",FUR,,,,,,,,,,,,1.0
17,J-,"ˈ#_{a,E}",LOG SRD,,,,,,,,,,,,1.0
18,J-,"ˈ#_{a,E}",CPN SRD,+,gi,d̠͡ʒ,35,−,P͡F,Ɉ,-0.5,+,3,+,1.0
19,J-,"ˈ#_{a,E}",COR,,,,,,,,,,,,1.0
20,J-,"ˈ#_{a,E}",ITA,+,gi,d̠͡ʒ,35,−,P͡F,Ɉ,-0.5,+,3,+,1.0
21,J-,"ˈ#_{a,E}",ABR,,,,,,,,,,,,1.0
22,J-,"ˈ#_{a,E}",CAM,,,,,,,,,,,,1.0
23,J-,"ˈ#_{a,E}",PGL,,,,,,,,,,,,1.0
24,J-,"ˈ#_{a,E}",SCN,+,j,j,98,−,W,Ɉ,-2,−,0.5,+,1.0
25,J-,"ˈ#_{a,E}",VEN,,,,,,,,,,,,1.0
26,J-,"ˈ#_{a,E}",ARO,,dz,,,,,,,,,,1.0
27,J-,"ˈ#_{a,E}",ROM,+,j,ʒ,57,−,F,Ɉ,-0.5,+,2,+,1.0
28,J-,"ˈ#_{a,E}",GAL,+,x,ʃ,56,−,F,Ɉ,-0.5,+,2,−,1.0
29,J-,"ˈ#_{a,E}",ASL,+,x,ʃ,56,−,F,Ɉ,-0.5,+,2,−,1.0
30,J-,"ˈ#_{a,E}",CAS ESP,+,y,ɟ͡ʝ,39,−,P͡F,Ɉ,-2,−,3,+,1.0
31,J-,"ˈ#_{a,E}",AND ESP,+,y,ɟ͡ʝ,39,−,P͡F,Ɉ,-2,−,3,+,1.0
32,J-,"ˈ#_{a,E}",ARG,+,ch,t̠͡ʃ,34,−,P͡F,Ɉ,-0.5,+,3,−,1.0
0,W-,#_E,BR POR,+,gu,ɡ,20,−,P,K,-3,−,4,+,1.0
1,W-,#_E,AMR ESP,+,gu,ɡ,20,−,P,K,-3,−,4,+,1.0
2,W-,#_E,LAT,,,,,,,,,,,,1.0
3,W-,#_E,CAT,+,gu,ɡ,20,−,P,K,-3,−,4,+,1.0
4,W-,#_E,VAL,+,gu,ɡ,20,−,P,K,-3,−,4,+,1.0
5,W-,#_E,BAL,+,gu,ɡ,20,−,P,K,-3,−,4,+,1.0
6,W-,#_E,OCC,+,gu,ɡ,20,−,P,K,-3,−,4,+,1.0
7,W-,#_E,GAS OCC,+,gu,ɡ,20,−,P,K,-3,−,4,+,1.0
8,W-,#_E,EU FRA,+,gu,ɡ,20,−,P,K,-3,−,4,+,1.0
9,W-,#_E,QBC FRA,+,gu,ɡ,20,−,P,K,-3,−,4,+,1.0
10,W-,#_E,WAL,,,,,,,,,,,,1.0
11,W-,#_E,ARP,+,gu,ɡ,20,−,P,K,-3,−,4,+,1.0
12,W-,#_E,LIG,+,g,ɡ,20,−,P,K,-3,−,4,+,1.0
13,W-,#_E,EU POR,+,gu,ɡ,20,−,P,K,-3,−,4,+,1.0
14,W-,#_E,LMO,+,g,ɡ,20,−,P,K,-3,−,4,+,1.0
15,W-,#_E,RMH,+,g,ɡ,20,−,P,K,-3,−,4,+,1.0
16,W-,#_E,FUR,+/−,v,v~∅,138,−,F~∅,B,2.5,−,1,+/−,1.0
17,W-,#_E,LOG SRD,,,,,,,,,,,,1.0
18,W-,#_E,CPN SRD,,,,,,,,,,,,1.0
19,W-,#_E,COR,,,,,,,,,,,,1.0
20,W-,#_E,ITA,+,g,ɡ,20,−,P,K,-3,−,4,+,1.0
21,W-,#_E,ABR,,,,,,,,,,,,1.0
22,W-,#_E,CAM,,,,,,,,,,,,1.0
23,W-,#_E,PGL,,,,,,,,,,,,1.0
24,W-,#_E,SCN,,,,,,,,,,,,1.0
25,W-,#_E,VEN,,,,,,,,,,,,1.0
26,W-,#_E,ARO,,,,,,,,,,,,1.0
27,W-,#_E,ROM,,,,,,,,,,,,1.0
28,W-,#_E,GAL,+,gu,ɡ,20,−,P,K,-3,−,4,+,1.0
29,W-,#_E,ASL,+,gu,ɡ,20,−,P,K,-3,−,4,+,1.0
30,W-,#_E,CAS ESP,+,gu,ɡ,20,−,P,K,-3,−,4,+,1.0
31,W-,#_E,AND ESP,+,gu,ɡ,20,−,P,K,-3,−,4,+,1.0
32,W-,#_E,ARG,+,gu,ɡ,20,−,P,K,-3,−,4,+,1.0
0,W-,#_a,BR POR,+,g,ɡ,20,−,P,K,-3,−,4,+,1.0
1,W-,#_a,AMR ESP,+,g,ɡ,20,−,P,K,-3,−,4,+,1.0
2,W-,#_a,LAT,,,,,,,,,,,,1.0
3,W-,#_a,CAT,+,g,ɡ,20,−,P,K,-3,−,4,+,1.0
4,W-,#_a,VAL,+,g,ɡ,20,−,P,K,-3,−,4,+,1.0
5,W-,#_a,BAL,+,g,ɡ,20,−,P,K,-3,−,4,+,1.0
6,W-,#_a,OCC,,,,,,,,,,,,1.0
7,W-,#_a,GAS OCC,,,,,,,,,,,,1.0
8,W-,#_a,EU FRA,+,g,ɡ,20,−,P,K,-3,−,4,+,1.0
9,W-,#_a,QBC FRA,+,g,ɡ,20,−,P,K,-3,−,4,+,1.0
10,W-,#_a,WAL,,,,,,,,,,,,1.0
11,W-,#_a,ARP,,,,,,,,,,,,1.0
12,W-,#_a,LIG,+,g,ɡ,20,−,P,K,-3,−,4,+,1.0
13,W-,#_a,EU POR,+,g,ɡ,20,−,P,K,-3,−,4,+,1.0
14,W-,#_a,LMO,+,g,ɡ,20,−,P,K,-3,−,4,+,1.0
15,W-,#_a,RMH,+,g,ɡ,20,−,P,K,-3,−,4,+,1.0
16,W-,#_a,FUR,+/−,v,v~∅,138,−,F~∅,B,2.5,−,1,+/−,1.0
17,W-,#_a,LOG SRD,,,,,,,,,,,,1.0
18,W-,#_a,CPN SRD,,,,,,,,,,,,1.0
19,W-,#_a,COR,,,,,,,,,,,,1.0
20,W-,#_a,ITA,+,g,ɡ,20,−,P,K,-3,−,4,+,1.0
21,W-,#_a,ABR,,,,,,,,,,,,1.0
22,W-,#_a,CAM,,,,,,,,,,,,1.0
23,W-,#_a,PGL,,,,,,,,,,,,1.0
24,W-,#_a,SCN,,,,,,,,,,,,1.0
25,W-,#_a,VEN,+/−,ɡ/∅,ɡ~∅,136,−,P~∅,K,-3,−,2,+/−,1.0
26,W-,#_a,ARO,,,,,,,,,,,,1.0
27,W-,#_a,ROM,,,,,,,,,,,,1.0
28,W-,#_a,GAL,+,g,ɡ,20,−,P,K,-3,−,4,+,1.0
29,W-,#_a,ASL,+,g,ɡ,20,−,P,K,-3,−,4,+,1.0
30,W-,#_a,CAS ESP,+,g,ɡ,20,−,P,K,-3,−,4,+,1.0
31,W-,#_a,AND ESP,+,g,ɡ,20,−,P,K,-3,−,4,+,1.0
32,W-,#_a,ARG,,,,,,,,,,,,1.0
