key,IPA,Consonantal?,Voiced?,Sibilant?,Lateral?,Geminate?,"Place of
articulation","Place
value","Manner of
articulation","Consonantality
value",,,,,,
1,pp,+,−,−,−,+,B,3,PP,5,,,,,,
2,bb,+,+,−,−,+,B,3,PP,5,,,,,,
3,p̪p̪,+,−,−,−,+,B,2.5,PP,5,,,,,,
4,b̪b̪,+,+,−,−,+,B,2.5,PP,5,,,,,,
5,t̪t̪,+,−,−,−,+,D,1.666666667,PP,5,,,,,,
6,d̪d̪,+,+,−,−,+,D,1.666666667,PP,5,,,,,,
7,tt,+,−,−,−,+,D,0.75,PP,5,,,,,,
8,dd,+,+,−,−,+,D,0.75,PP,5,,,,,,
9,ȶȶ,+,−,−,−,+,Ɉ,0,PP,5,,,,,,
10,ȡȡ,+,+,−,−,+,Ɉ,0,PP,5,,,,,,
11,t̠t̠,+,−,−,−,+,Ɉ,-0.5,PP,5,,,,,,
12,d̠d̠,+,+,−,−,+,Ɉ,-0.5,PP,5,,,,,,
13,ʈʈ,+,−,−,−,+,Ɉ,-1.25,PP,5,,,,,,
14,ɖɖ,+,+,−,−,+,Ɉ,-1.25,PP,5,,,,,,
15,kkʷ,+,−,−,−,+,BK,-1.5,PP,5,,,,,,
16,ɡɡʷ,+,+,−,−,+,BK,-1.5,PP,5,,,,,,
17,cc,+,−,−,−,+,Ɉ,-2,PP,5,,,,,,
18,ɟɟ,+,+,−,−,+,Ɉ,-2,PP,5,,,,,,
19,kk,+,−,−,−,+,K,-3,PP,5,,,,,,
20,ɡɡ,+,+,−,−,+,K,-3,PP,5,,,,,,
21,qq,+,−,−,−,+,Q,-4,PP,5,,,,,,
22,ɢɢ,+,+,−,−,+,Q,-4,PP,5,,,,,,
23,ʡʡ,+,−,−,−,+,H,-5,PP,5,,,,,,
24,ʔʔ,+,−,−,−,+,H,-6,PP,5,,,,,,
25,p,+,−,−,−,−,B,3,P,4,,,,,,
26,b,+,+,−,−,−,B,3,P,4,,,,,,
27,p̪,+,−,−,−,−,B,2.5,P,4,,,,,,
28,b̪,+,+,−,−,−,B,2.5,P,4,,,,,,
29,t̪,+,−,−,−,−,D,1.666666667,P,4,,,,,,
30,d̪,+,+,−,−,−,D,1.666666667,P,4,,,,,,
31,t,+,−,−,−,−,D,0.75,P,4,,,,,,
32,d,+,+,−,−,−,D,0.75,P,4,,,,,,
33,ȶ,+,−,−,−,−,Ɉ,0,P,4,,,,,,
34,ȡ,+,+,−,−,−,Ɉ,0,P,4,,,,,,
35,t̠,+,−,−,−,−,Ɉ,-0.5,P,4,,,,,,
36,d̠,+,+,−,−,−,Ɉ,-0.5,P,4,,,,,,
37,ʈ,+,−,−,−,−,Ɉ,-1.25,P,4,,,,,,
38,ɖ,+,+,−,−,−,Ɉ,-1.25,P,4,,,,,,
39,kʷ,+,−,−,−,−,BK,-1.5,P,4,,,,,,
40,ɡʷ,+,+,−,−,−,BK,-1.5,P,4,,,,,,
41,c,+,−,−,−,−,Ɉ,-2,P,4,,,,,,
42,ɟ,+,+,−,−,−,Ɉ,-2,P,4,,,,,,
43,k,+,−,−,−,−,K,-3,P,4,,,,,,
44,ɡ,+,+,−,−,−,K,-3,P,4,,,,,,
45,q,+,−,−,−,−,Q,-4,P,4,,,,,,
46,ɢ,+,+,−,−,−,Q,-4,P,4,,,,,,
47,ʡ,+,−,−,−,−,H,-5,P,4,,,,,,
48,ʔ,+,−,−,−,−,H,-6,P,4,,,,,,
49,pp͡ɸ,+,−,−,−,+,B,3,PP͡F,3.75,,,,,,
50,bb͡β,+,+,−,−,+,B,3,PP͡F,3.75,,,,,,
51,pp͡f,+,−,−,−,+,B,2.5,PP͡F,3.75,,,,,,
52,bb͡v,+,+,−,−,+,B,2.5,PP͡F,3.75,,,,,,
53,tt͡θ,+,−,−,−,+,D,2,PP͡F,3.75,,,,,,
54,dd͡ð,+,+,−,−,+,D,2,PP͡F,3.75,,,,,,
55,tt͡s̟,+,−,+,−,+,D,1.666666667,PP͡F,3.75,,,,,,
56,dd͡z̟,+,+,+,−,+,D,1.666666667,PP͡F,3.75,,,,,,
57,tt͡s̪,+,−,+,−,+,D,1.333333333,PP͡F,3.75,,,,,,
58,dd͡z̪,+,+,+,−,+,D,1.333333333,PP͡F,3.75,,,,,,
59,tt͡s,+,−,+,−,+,D,1,PP͡F,3.75,,,,,,
60,dd͡z,+,+,+,−,+,D,1,PP͡F,3.75,,,,,,
61,tt͡ɹ̝̊,+,−,−,−,+,D,1,PP͡F,3.75,,,,,,
62,dd͡ɹ̝,+,+,−,−,+,D,1,PP͡F,3.75,,,,,,
63,tt͡s̠,+,−,+,−,+,D,0.5,PP͡F,3.75,,,,,,
64,dd͡z̠,+,+,+,−,+,D,0.5,PP͡F,3.75,,,,,,
65,tt͡ɕ,+,−,+,−,+,Ɉ,0,PP͡F,3.75,,,,,,
66,dd͡ʑ,+,+,+,−,+,Ɉ,0,PP͡F,3.75,,,,,,
67,t̠t̠͡ʃ,+,−,+,−,+,Ɉ,-0.5,PP͡F,3.75,,,,,,
68,d̠d̠͡ʒ,+,+,+,−,+,Ɉ,-0.5,PP͡F,3.75,,,,,,
69,t̠t̠͡ɹ̠̊˔,+,−,−,−,+,Ɉ,-0.5,PP͡F,3.75,,,,,,
70,d̠d̠͡ɹ̠˔,+,+,−,−,+,Ɉ,-0.5,PP͡F,3.75,,,,,,
71,ʈʈ͡ʂ,+,−,+,−,+,Ɉ,-1.25,PP͡F,3.75,,,,,,
72,ɖɖ͡ʐ,+,+,+,−,+,Ɉ,-1.25,PP͡F,3.75,,,,,,
73,cc͡ç,+,−,−,−,+,Ɉ,-2,PP͡F,3.75,,,,,,
74,ɟɟ͡ʝ,+,+,−,−,+,Ɉ,-2,PP͡F,3.75,,,,,,
75,kk͡x,+,−,−,−,+,K,-3,PP͡F,3.75,,,,,,
76,ɡɡ͡ɣ,+,+,−,−,+,K,-3,PP͡F,3.75,,,,,,
77,qq͡χ,+,−,−,−,+,Q,-4,PP͡F,3.75,,,,,,
78,ɢɢ͡ʁ,+,+,−,−,+,Q,-4,PP͡F,3.75,,,,,,
79,ʡʡ͡ʜ,+,−,−,−,+,H,-5,PP͡F,3.75,,,,,,
80,ʡʡ͡ʢ,+,+,−,−,+,H,-5,PP͡F,3.75,,,,,,
81,ʔʔ͡h,+,−,−,−,+,H,-6,PP͡F,3.75,,,,,,
82,tt͡ɬ,+,−,−,+,+,D,0.5,PP͡F,3.75,,,,,,
83,dd͡ɮ,+,+,−,+,+,D,0.5,PP͡F,3.75,,,,,,
84,ʈʈ͡ꞎ,+,−,−,+,+,Ɉ,-1.25,PP͡F,3.75,,,,,,
85,ɖɖ͡𝼅,+,+,−,+,+,Ɉ,-1.25,PP͡F,3.75,,,,,,
86,cc͡𝼆,+,−,−,+,+,Ɉ,-2,PP͡F,3.75,,,,,,
87,ɟɟ͡ʎ̝,+,+,−,+,+,Ɉ,-2,PP͡F,3.75,,,,,,
88,kk͡𝼄,+,−,−,+,+,K,-3,PP͡F,3.75,,,,,,
89,ɡɡ͡ʟ̝,+,+,−,+,+,K,-3,PP͡F,3.75,,,,,,
90,p͡ɸ,+,−,−,−,−,B,3,P͡F,3,,,,,,
91,b͡β,+,+,−,−,−,B,3,P͡F,3,,,,,,
92,p͡f,+,−,−,−,−,B,2.5,P͡F,3,,,,,,
93,b͡v,+,+,−,−,−,B,2.5,P͡F,3,,,,,,
94,t͡θ,+,−,−,−,−,D,2,P͡F,3,,,,,,
95,d͡ð,+,+,−,−,−,D,2,P͡F,3,,,,,,
96,t͡s̟,+,−,+,−,−,D,1.666666667,P͡F,3,,,,,,
97,d͡z̟,+,+,+,−,−,D,1.666666667,P͡F,3,,,,,,
98,t͡s̪,+,−,+,−,−,D,1.333333333,P͡F,3,,,,,,
99,d͡z̪,+,+,+,−,−,D,1.333333333,P͡F,3,,,,,,
100,t͡s,+,−,+,−,−,D,1,P͡F,3,,,,,,
101,d͡z,+,+,+,−,−,D,1,P͡F,3,,,,,,
102,t͡ɹ̝̊,+,−,−,−,−,D,1,P͡F,3,,,,,,
103,d͡ɹ̝,+,+,−,−,−,D,1,P͡F,3,,,,,,
104,t͡s̠,+,−,+,−,−,D,0.5,P͡F,3,,,,,,
105,d͡z̠,+,+,+,−,−,D,0.5,P͡F,3,,,,,,
106,t͡ɕ,+,−,+,−,−,Ɉ,0,P͡F,3,,,,,,
107,d͡ʑ,+,+,+,−,−,Ɉ,0,P͡F,3,,,,,,
108,t̠͡ʃ,+,−,+,−,−,Ɉ,-0.5,P͡F,3,,,,,,
109,d̠͡ʒ,+,+,+,−,−,Ɉ,-0.5,P͡F,3,,,,,,
110,t̠͡ɹ̠̊˔,+,−,−,−,−,Ɉ,-0.5,P͡F,3,,,,,,
111,d̠͡ɹ̠˔,+,+,−,−,−,Ɉ,-0.5,P͡F,3,,,,,,
112,ʈ͡ʂ,+,−,+,−,−,Ɉ,-1.25,P͡F,3,,,,,,
113,ɖ͡ʐ,+,+,+,−,−,Ɉ,-1.25,P͡F,3,,,,,,
114,c͡ç,+,−,−,−,−,Ɉ,-2,P͡F,3,,,,,,
115,ɟ͡ʝ,+,+,−,−,−,Ɉ,-2,P͡F,3,,,,,,
116,k͡x,+,−,−,−,−,K,-3,P͡F,3,,,,,,
117,ɡ͡ɣ,+,+,−,−,−,K,-3,P͡F,3,,,,,,
118,q͡χ,+,−,−,−,−,Q,-4,P͡F,3,,,,,,
119,ɢ͡ʁ,+,+,−,−,−,Q,-4,P͡F,3,,,,,,
120,ʡ͡ʜ,+,−,−,−,−,H,-5,P͡F,3,,,,,,
121,ʡ͡ʢ,+,+,−,−,−,H,-5,P͡F,3,,,,,,
122,ʔ͡h,+,−,−,−,−,H,-6,P͡F,3,,,,,,
123,t͡ɬ,+,−,−,+,−,D,0.5,P͡F,3,,,,,,
124,d͡ɮ,+,+,−,+,−,D,0.5,P͡F,3,,,,,,
125,ʈ͡ꞎ,+,−,−,+,−,Ɉ,-1.25,P͡F,3,,,,,,
126,ɖ͡𝼅,+,+,−,+,−,Ɉ,-1.25,P͡F,3,,,,,,
127,c͡𝼆,+,−,−,+,−,Ɉ,-2,P͡F,3,,,,,,
128,ɟ͡ʎ̝,+,+,−,+,−,Ɉ,-2,P͡F,3,,,,,,
129,k͡𝼄,+,−,−,+,−,K,-3,P͡F,3,,,,,,
130,ɡ͡ʟ̝,+,+,−,+,−,K,-3,P͡F,3,,,,,,
131,ɸɸ,+,−,−,−,+,B,3,FF,2.5,,,,,,
132,ββ,+,+,−,−,+,B,3,FF,2.5,,,,,,
133,ff,+,−,−,−,+,B,2.5,FF,2.5,,,,,,
134,vv,+,+,−,−,+,B,2.5,FF,2.5,,,,,,
135,θθ,+,−,−,−,+,D,2,FF,2.5,,,,,,
136,ðð,+,+,−,−,+,D,2,FF,2.5,,,,,,
137,s̟s̟,+,−,+,−,+,D,1.666666667,FF,2.5,,,,,,
138,z̟z̟,+,+,+,−,+,D,1.666666667,FF,2.5,,,,,,
139,s̪s̪,+,−,+,−,+,D,1.333333333,FF,2.5,,,,,,
140,z̪z̪,+,+,+,−,+,D,1.333333333,FF,2.5,,,,,,
141,ss,+,−,+,−,+,D,1,FF,2.5,,,,,,
142,zz,+,+,+,−,+,D,1,FF,2.5,,,,,,
143,θ̠θ̠,+,−,−,−,+,D,1,FF,2.5,,,,,,
144,ð̠ð̠,+,+,−,−,+,D,1,FF,2.5,,,,,,
145,s̠s̠,+,−,+,−,+,D,0.5,FF,2.5,,,,,,
146,z̠z̠,+,+,+,−,+,D,0.5,FF,2.5,,,,,,
147,ɕɕ,+,−,+,−,+,Ɉ,0,FF,2.5,,,,,,
148,ʑʑ,+,+,+,−,+,Ɉ,0,FF,2.5,,,,,,
149,ʃʃ,+,−,+,−,+,Ɉ,-0.5,FF,2.5,,,,,,
150,ʒʒ,+,+,+,−,+,Ɉ,-0.5,FF,2.5,,,,,,
151,ɹ̠̊˔ɹ̠̊˔,+,−,−,−,+,Ɉ,-0.5,FF,2.5,,,,,,
152,ɹ̠˔ɹ̠˔,+,+,−,−,+,Ɉ,-0.5,FF,2.5,,,,,,
153,ʂʂ,+,−,+,−,+,Ɉ,-1.25,FF,2.5,,,,,,
154,ʐʐ,+,+,+,−,+,Ɉ,-1.25,FF,2.5,,,,,,
155,çç,+,−,−,−,+,Ɉ,-2,FF,2.5,,,,,,
156,ʝʝ,+,+,−,−,+,Ɉ,-2,FF,2.5,,,,,,
157,xx,+,−,−,−,+,K,-3,FF,2.5,,,,,,
158,ɣɣ,+,+,−,−,+,K,-3,FF,2.5,,,,,,
159,χχ,+,−,−,−,+,Q,-4,FF,2.5,,,,,,
160,ʁʁ,+,+,−,−,+,Q,-4,FF,2.5,,,,,,
161,ħħ,+,−,−,−,+,H,-5,FF,2.5,,,,,,
162,ʕʕ,+,−,−,−,+,H,-5,FF,2.5,,,,,,
163,hh,+,−,−,−,+,H,-6,FF,2.5,,,,,,
164,ɦɦ,+,+,−,−,+,H,-6,FF,2.5,,,,,,
165,ɬɬ,+,−,−,+,+,D,0.5,FF,2.5,,,,,,
166,ɮɮ,+,+,−,+,+,D,0.5,FF,2.5,,,,,,
167,ꞎꞎ,+,−,−,+,+,Ɉ,-1.25,FF,2.5,,,,,,
168,𝼅𝼅,+,+,−,+,+,Ɉ,-1.25,FF,2.5,,,,,,
169,𝼆𝼆,+,−,−,+,+,Ɉ,-2,FF,2.5,,,,,,
170,ʎ̝ʎ̝,+,+,−,+,+,Ɉ,-2,FF,2.5,,,,,,
171,𝼄𝼄,+,−,−,+,+,K,-3,FF,2.5,,,,,,
172,ʟ̝ʟ̝,+,+,−,+,+,K,-3,FF,2.5,,,,,,
173,ɸ,+,−,−,−,−,B,3,F,2,,,,,,
174,β,+,+,−,−,−,B,3,F,2,,,,,,
175,f,+,−,−,−,−,B,2.5,F,2,,,,,,
176,v,+,+,−,−,−,B,2.5,F,2,,,,,,
177,θ,+,−,−,−,−,D,2,F,2,,,,,,
178,ð,+,+,−,−,−,D,2,F,2,,,,,,
179,s̟,+,−,+,−,−,D,1.666666667,F,2,,,,,,
180,z̟,+,+,+,−,−,D,1.666666667,F,2,,,,,,
181,s̪,+,−,+,−,−,D,1.333333333,F,2,,,,,,
182,z̪,+,+,+,−,−,D,1.333333333,F,2,,,,,,
183,s,+,−,+,−,−,D,1,F,2,,,,,,
184,z,+,+,+,−,−,D,1,F,2,,,,,,
185,θ̠,+,−,−,−,−,D,1,F,2,,,,,,
186,ð̠,+,+,−,−,−,D,1,F,2,,,,,,
187,s̠,+,−,+,−,−,D,0.5,F,2,,,,,,
188,z̠,+,+,+,−,−,D,0.5,F,2,,,,,,
189,ɕ,+,−,+,−,−,Ɉ,0,F,2,,,,,,
190,ʑ,+,+,+,−,−,Ɉ,0,F,2,,,,,,
191,ʃ,+,−,+,−,−,Ɉ,-0.5,F,2,,,,,,
192,ʒ,+,+,+,−,−,Ɉ,-0.5,F,2,,,,,,
193,ɹ̠̊˔,+,−,−,−,−,Ɉ,-0.5,F,2,,,,,,
194,ɹ̠˔,+,+,−,−,−,Ɉ,-0.5,F,2,,,,,,
195,ʂ,+,−,+,−,−,Ɉ,-1.25,F,2,,,,,,
196,ʐ,+,+,+,−,−,Ɉ,-1.25,F,2,,,,,,
197,ç,+,−,−,−,−,Ɉ,-2,F,2,,,,,,
198,ʝ,+,+,−,−,−,Ɉ,-2,F,2,,,,,,
199,x,+,−,−,−,−,K,-3,F,2,,,,,,
200,ɣ,+,+,−,−,−,K,-3,F,2,,,,,,
201,χ,+,−,−,−,−,Q,-4,F,2,,,,,,
202,ʁ,+,+,−,−,−,Q,-4,F,2,,,,,,
203,ħ,+,−,−,−,−,H,-5,F,2,,,,,,
204,ʕ,+,−,−,−,−,H,-5,F,2,,,,,,
205,h,+,−,−,−,−,H,-6,F,2,,,,,,
206,ɦ,+,+,−,−,−,H,-6,F,2,,,,,,
207,ʍ,+,−,−,−,−,BK,0,F,2,,,,,,
208,ɬ,+,−,−,+,−,D,0.5,F,2,,,,,,
209,ɮ,+,+,−,+,−,D,0.5,F,2,,,,,,
210,ꞎ,+,−,−,+,−,Ɉ,-1.25,F,2,,,,,,
211,𝼅,+,+,−,+,−,Ɉ,-1.25,F,2,,,,,,
212,𝼆,+,−,−,+,−,Ɉ,-2,F,2,,,,,,
213,ʎ̝,+,+,−,+,−,Ɉ,-2,F,2,,,,,,
214,𝼄,+,−,−,+,−,K,-3,F,2,,,,,,
215,ʟ̝,+,+,−,+,−,K,-3,F,2,,,,,,
216,ʙ̥ː,+,−,−,−,+,B,3,RRR,1.875,,,,,,
217,ʙː,+,+,−,−,+,B,3,RRR,1.875,,,,,,
218,r̪̥ː,+,−,−,−,+,D,1.666666667,RRR,1.875,,,,,,
219,r̪ː,+,+,−,−,+,D,1.666666667,RRR,1.875,,,,,,
220,r̥ː,+,−,−,−,+,D,0.75,RRR,1.875,,,,,,
221,rː,+,+,−,−,+,D,0.75,RRR,1.875,,,,,,
222,r̠̥ː,+,−,−,−,+,Ɉ,-0.5,RRR,1.875,,,,,,
223,r̠ː,+,+,−,−,+,Ɉ,-0.5,RRR,1.875,,,,,,
224,ɽ̥͡r̥ː,+,−,−,−,+,Ɉ,-1.25,RRR,1.875,,,,,,
225,ɽ͡rː,+,+,−,−,+,Ɉ,-1.25,RRR,1.875,,,,,,
226,ʀ̥ː,+,−,−,−,+,Q,-4,RRR,1.875,,,,,,
227,ʀː,+,+,−,−,+,Q,-4,RRR,1.875,,,,,,
228,ʜː,+,−,−,−,+,H,-5,RRR,1.875,,,,,,
229,ʢː,+,+,−,−,+,H,-5,RRR,1.875,,,,,,
230,mm,+,+,−,−,+,B,3,NN,1.5625,,,,,,
231,ɱɱ,+,+,−,−,+,B,2.5,NN,1.5625,,,,,,
232,n̪n̪,+,+,−,−,+,D,1.666666667,NN,1.5625,,,,,,
233,nn,+,+,−,−,+,D,0.75,NN,1.5625,,,,,,
234,ȵȵ,+,+,−,−,+,Ɉ,0,NN,1.5625,,,,,,
235,n̠n̠,+,+,−,−,+,Ɉ,-0.5,NN,1.5625,,,,,,
236,ɳɳ,+,+,−,−,+,Ɉ,-1.25,NN,1.5625,,,,,,
237,ɲɲ,+,+,−,−,+,Ɉ,-2,NN,1.5625,,,,,,
238,ŋŋ,+,+,−,−,+,K,-3,NN,1.5625,,,,,,
239,ɴɴ,+,+,−,−,+,Q,-4,NN,1.5625,,,,,,
240,ʙ̥,+,−,−,−,−,B,3,RR,1.5,,,,,,
241,ʙ,+,+,−,−,−,B,3,RR,1.5,,,,,,
242,r̪̥,+,−,−,−,−,D,1.666666667,RR,1.5,,,,,,
243,r̪,+,+,−,−,−,D,1.666666667,RR,1.5,,,,,,
244,r̥,+,−,−,−,−,D,0.75,RR,1.5,,,,,,
245,r,+,+,−,−,−,D,0.75,RR,1.5,,,,,,
246,r̠̥,+,−,−,−,−,Ɉ,-0.5,RR,1.5,,,,,,
247,r̠,+,+,−,−,−,Ɉ,-0.5,RR,1.5,,,,,,
248,ɽ̥͡r̥,+,−,−,−,−,Ɉ,-1.25,RR,1.5,,,,,,
249,ɽ͡r,+,+,−,−,−,Ɉ,-1.25,RR,1.5,,,,,,
250,ʀ̥,+,−,−,−,−,Q,-4,RR,1.5,,,,,,
251,ʀ,+,+,−,−,−,Q,-4,RR,1.5,,,,,,
252,ʜ,+,−,−,−,−,H,-5,RR,1.5,,,,,,
253,ʢ,+,+,−,−,−,H,-5,RR,1.5,,,,,,
254,m,+,+,−,−,−,B,3,N,1.25,,,,,,
255,ɱ,+,+,−,−,−,B,2.5,N,1.25,,,,,,
256,n̪,+,+,−,−,−,D,1.666666667,N,1.25,,,,,,
257,n,+,+,−,−,−,D,0.75,N,1.25,,,,,,
258,ȵ,+,+,−,−,−,Ɉ,0,N,1.25,,,,,,
259,n̠,+,+,−,−,−,Ɉ,-0.5,N,1.25,,,,,,
260,ɳ,+,+,−,−,−,Ɉ,-1.25,N,1.25,,,,,,
261,ɲ,+,+,−,−,−,Ɉ,-2,N,1.25,,,,,,
262,ŋ,+,+,−,−,−,K,-3,N,1.25,,,,,,
263,ɴ,+,+,−,−,−,Q,-4,N,1.25,,,,,,
264,ⱱ̟,+,+,−,−,−,B,3,R,1,,,,,,
265," ⱱ
",+,+,−,−,−,B,2.5,R,1,,,,,,
266,ɾ̪̥,+,−,−,−,−,D,1.666666667,R,1,,,,,,
267,ɾ̪,+,+,−,−,−,D,1.666666667,R,1,,,,,,
268,ɾ̥,+,−,−,−,−,D,0.75,R,1,,,,,,
269,ɾ,+,+,−,−,−,D,0.75,R,1,,,,,,
270,ɾ̠̥,+,−,−,−,−,Ɉ,-0.5,R,1,,,,,,
271,ɾ̠,+,+,−,−,−,Ɉ,-0.5,R,1,,,,,,
272,ɽ̊,+,−,−,−,−,Ɉ,-1.25,R,1,,,,,,
273,ɽ,+,+,−,−,−,Ɉ,-1.25,R,1,,,,,,
274,ɢ̆,+,+,−,−,−,Q,-4,R,1,,,,,,
275,ʡ̆,+,+,−,−,−,H,-5,R,1,,,,,,
276,ɺ̥,+,−,−,+,−,D,0.75,R,1,,,,,,
277,ɺ,+,+,−,+,−,D,0.75,R,1,,,,,,
278,𝼈̊,+,−,−,+,−,Ɉ,-1.25,R,1,,,,,,
279,𝼈,+,+,−,+,−,Ɉ,-1.25,R,1,,,,,,
280,ʎ̆,+,−,−,+,−,Ɉ,-2,R,1,,,,,,
281,ʟ̆,+,+,−,+,−,K,-3,R,1,,,,,,
282,l̪̥l̪̥,+,−,−,+,+,D,1.666666667,LL,0.9375,,,,,,
283,l̪l̪,+,+,−,+,+,D,1.666666667,LL,0.9375,,,,,,
284,l̥l̥,+,−,−,+,+,D,0.75,LL,0.9375,,,,,,
285,ll,+,+,−,+,+,D,0.75,LL,0.9375,,,,,,
286,ȴȴ,+,+,−,+,+,Ɉ,0,LL,0.9375,,,,,,
287,l̪ʲl̪ʲ,+,+,−,+,+,Ɉ,-0.166666667,LL,0.9375,,,,,,
288,l̠l̠,+,+,−,+,+,Ɉ,-0.5,LL,0.9375,,,,,,
289,ɫ̪̊ɫ̪̊,+,−,−,+,+,Ɉ,-1.166666667,LL,0.9375,,,,,,
290,ɫ̪ɫ̪,+,+,−,+,+,Ɉ,-1.166666667,LL,0.9375,,,,,,
291,ɭ̊ɭ̊,+,−,−,+,+,Ɉ,-1.25,LL,0.9375,,,,,,
292,ɭɭ,+,+,−,+,+,Ɉ,-1.25,LL,0.9375,,,,,,
293,ɫ̥ɫ̥,+,−,−,+,+,Ɉ,-1.625,LL,0.9375,,,,,,
294,ɫɫ,+,+,−,+,+,Ɉ,-1.625,LL,0.9375,,,,,,
295,ʎ̥ʎ̥,+,−,−,+,+,Ɉ,-2,LL,0.9375,,,,,,
296,ʎʎ,+,+,−,+,+,Ɉ,-2,LL,0.9375,,,,,,
297,ʟ̥ʟ̥,+,−,−,+,+,K,-3,LL,0.9375,,,,,,
298,ʟʟ,+,+,−,+,+,K,-3,LL,0.9375,,,,,,
299,ʟ̠ʟ̠,+,+,−,+,+,Q,-4,LL,0.9375,,,,,,
300,l̪̥,+,−,−,+,−,D,1.666666667,L,0.75,,,,,,
301,l̪,+,+,−,+,−,D,1.666666667,L,0.75,,,,,,
302,l̥,+,−,−,+,−,D,0.75,L,0.75,,,,,,
303,l,+,+,−,+,−,D,0.75,L,0.75,,,,,,
304,ȴ,+,+,−,+,−,Ɉ,0,L,0.75,,,,,,
305,l̪ʲ,+,+,−,+,−,Ɉ,-0.166666667,L,0.75,,,,,,
306,l̠̥,+,−,−,+,−,Ɉ,-0.5,L,0.75,,,,,,
307,l̠,+,+,−,+,−,Ɉ,-0.5,L,0.75,,,,,,
308,ɫ̪̊,+,−,−,+,−,Ɉ,-1.166666667,L,0.75,,,,,,
309,ɫ̪,+,+,−,+,−,Ɉ,-1.166666667,L,0.75,,,,,,
310,ɭ̊,+,−,−,+,−,Ɉ,-1.25,L,0.75,,,,,,
311,ɭ,+,+,−,+,−,Ɉ,-1.25,L,0.75,,,,,,
312,ɫ̥,+,−,−,+,−,Ɉ,-1.625,L,0.75,,,,,,
313,ɫ,+,+,−,+,−,Ɉ,-1.625,L,0.75,,,,,,
314,ʎ̥,+,−,−,+,−,Ɉ,-2,L,0.75,,,,,,
315,ʎ,+,+,−,+,−,Ɉ,-2,L,0.75,,,,,,
316,ʟ̥,+,−,−,+,−,K,-3,L,0.75,,,,,,
317,ʟ,+,+,−,+,−,K,-3,L,0.75,,,,,,
318,ʟ̠̥,+,−,−,+,−,Q,-4,L,0.75,,,,,,
319,ʟ̠,+,+,−,+,−,Q,-4,L,0.75,,,,,,
320,β̞β̞,+,+,−,−,+,B,3,WW,0.625,,,,,,
321,ʋʋ,+,+,−,−,+,B,2.5,WW,0.625,,,,,,
322,ð̞ð̞,+,+,−,−,+,D,1.75,WW,0.625,,,,,,
323,ɹɹ,+,+,−,−,+,D,0.75,WW,0.625,,,,,,
324,ɥ̊ɥ̊,+,−,−,−,+,BɈ,0.5,WW,0.625,,,,,,
325,ɹ̠ɹ̠,+,+,−,−,+,Ɉ,-0.5,WW,0.625,,,,,,
326,ɻɻ,+,+,−,−,+,Ɉ,-1.25,WW,0.625,,,,,,
327,ɣ̞ɣ̞,+,+,−,−,+,K,-3,WW,0.625,,,,,,
328,β̞,+,+,−,−,−,B,3,W,0.5,,,,,,
329,ʋ,+,+,−,−,−,B,2.5,W,0.5,,,,,,
330,ð̞,+,+,−,−,−,D,1.75,W,0.5,,,,,,
331,ɹ,+,+,−,−,−,D,0.75,W,0.5,,,,,,
332,ɥ̊,+,−,−,−,−,BɈ,0.5,W,0.5,,,,,,
333,ɹ̠,+,+,−,−,−,Ɉ,-0.5,W,0.5,,,,,,
334,ɻ,+,+,−,−,−,Ɉ,-1.25,W,0.5,,,,,,
335,ɣ̞,+,+,−,−,−,K,-3,W,0.5,,,,,,
336,ʁ̞,+,+,−,−,−,Q,-4,W,0.5,,,,,,
337,ʕ̞,+,+,−,−,−,H,-5,W,0.5,,,,,,
338,ʔ̞,+,+,−,−,−,H,-6,W,0.5,,,,,,
339,ɥɥ,+,+,−,−,+,BɈ,0.5,GG,0.46875,,,,,,
340,ww,+,+,−,−,+,BK,0,GG,0.46875,,,,,,
341,w̃w̃,+,+,−,−,+,BK,0,NGG,0.46875,,,,,,
342,jj,+,+,−,−,+,Ɉ,-2,GG,0.46875,,,,,,
343,j̃j̃,+,+,−,−,+,Ɉ,-2,NGG,0.46875,,,,,,
344,ɰɰ,+,+,−,−,+,K,-3,GG,0.46875,,,,,,
345,ɥ,+,+,−,−,−,BɈ,0.5,G,0.375,,,,,,
346,w,+,+,−,−,−,BK,0,G,0.375,,,,,,
347,w̃,+,+,−,−,−,BK,0,NG,0.375,,,,,,
348,j,+,+,−,−,−,Ɉ,-2,G,0.375,,,,,,
349,j̃,+,+,−,−,−,Ɉ,-2,NG,0.375,,,,,,
350,ɰ,+,+,−,−,−,K,-3,G,0.375,,,,,,
,,,,,,,,,,,,,,,,
,,,,,,,,,,,,,,,,
,,,,,,,,,,,,,,,,
,,,,,,,,,,,,,,,,
,,,,,,,,,,,,,,,,
,,,,,,,,,,,,,,,,
,,,,,,,,,,,,,,,,
,,,,,,,,,,,,,,,,
,,,,,,,,,,,,,,,,
,,,,,,,,,,,,,,,,
,,,,,,,,,,,,,,,,
,,,,,,,,,,,,,,,,
,,,,,,,,,,,,,,,,
,,,,,,,,,,,,,,,,
,,,,,,,,,,,,,,,,
,,,,,,,,,,,,,,,,
,,,,,,,,,,,,,,,,
,,,,,,,,,,,,,,,,
,,,,,,,,,,,,,,,,
,,,,,,,,,,,,,,,,
,,,,,,,,,,,,,,,,
,,,,,,,,,,,,,,,,
,,,,,,,,,,,,,,,,
,,,,,,,,,,,,,,,,
,,,,,,,,,,,,,,,,
,,,,,,,,,,,,,,,,
,,,,,,,,,,,,,,,,
,,,,,,,,,,,,,,,,
,,,,,,,,,,,,,,,,
,,,,,,,,,,,,,,,,
,,,,,,,,,,,,,,,,
,,,,,,,,,,,,,,,,
,,,,,,,,,,,,,,,,
,,,,,,,,,,,,,,,,
,,,,,,,,,,,,,,,,
,,,,,,,,,,,,,,,,
,,,,,,,,,,,,,,,,
,,,,,,,,,,,,,,,,
,,,,,,,,,,,,,,,,
,,,,,,,,,,,,,,,,
,,,,,,,,,,,,,,,,
,,,,,,,,,,,,,,,,
,,,,,,,,,,,,,,,,
,,,,,,,,,,,,,,,,
,,,,,,,,,,,,,,,,
,,,,,,,,,,,,,,,,
,,,,,,,,,,,,,,,,
,,,,,,,,,,,,,,,,
,,,,,,,,,,,,,,,,
,,,,,,,,,,,,,,,,
,,,,,,,,,,,,,,,,
,,,,,,,,,,,,,,,,
,,,,,,,,,,,,,,,,
,,,,,,,,,,,,,,,,
,,,,,,,,,,,,,,,,
,,,,,,,,,,,,,,,,
,,,,,,,,,,,,,,,,
,,,,,,,,,,,,,,,,
,,,,,,,,,,,,,,,,
,,,,,,,,,,,,,,,,
,,,,,,,,,,,,,,,,
,,,,,,,,,,,,,,,,
,,,,,,,,,,,,,,,,
,,,,,,,,,,,,,,,,
,,,,,,,,,,,,,,,,
,,,,,,,,,,,,,,,,
,,,,,,,,,,,,,,,,
,,,,,,,,,,,,,,,,
,,,,,,,,,,,,,,,,
,,,,,,,,,,,,,,,,
,,,,,,,,,,,,,,,,
,,,,,,,,,,,,,,,,
,,,,,,,,,,,,,,,,
,,,,,,,,,,,,,,,,
,,,,,,,,,,,,,,,,
,,,,,,,,,,,,,,,,
,,,,,,,,,,,,,,,,
,,,,,,,,,,,,,,,,
,,,,,,,,,,,,,,,,
,,,,,,,,,,,,,,,,
,,,,,,,,,,,,,,,,
,,,,,,,,,,,,,,,,
,,,,,,,,,,,,,,,,
,,,,,,,,,,,,,,,,
,,,,,,,,,,,,,,,,
,,,,,,,,,,,,,,,,
,,,,,,,,,,,,,,,,
,,,,,,,,,,,,,,,,
,,,,,,,,,,,,,,,,
,,,,,,,,,,,,,,,,
,,,,,,,,,,,,,,,,
,,,,,,,,,,,,,,,,
,,,,,,,,,,,,,,,,
,,,,,,,,,,,,,,,,
,,,,,,,,,,,,,,,,
,,,,,,,,,,,,,,,,
,,,,,,,,,,,,,,,,
,,,,,,,,,,,,,,,,
,,,,,,,,,,,,,,,,
,,,,,,,,,,,,,,,,
,,,,,,,,,,,,,,,,
,,,,,,,,,,,,,,,,
,,,,,,,,,,,,,,,,
,,,,,,,,,,,,,,,,
,,,,,,,,,,,,,,,,
,,,,,,,,,,,,,,,,
,,,,,,,,,,,,,,,,
,,,,,,,,,,,,,,,,
,,,,,,,,,,,,,,,,
,,,,,,,,,,,,,,,,
,,,,,,,,,,,,,,,,
,,,,,,,,,,,,,,,,
,,,,,,,,,,,,,,,,
,,,,,,,,,,,,,,,,
,,,,,,,,,,,,,,,,
,,,,,,,,,,,,,,,,
,,,,,,,,,,,,,,,,
,,,,,,,,,,,,,,,,
,,,,,,,,,,,,,,,,
,,,,,,,,,,,,,,,,
,,,,,,,,,,,,,,,,
,,,,,,,,,,,,,,,,
,,,,,,,,,,,,,,,,
,,,,,,,,,,,,,,,,
,,,,,,,,,,,,,,,,
,,,,,,,,,,,,,,,,
,,,,,,,,,,,,,,,,
,,,,,,,,,,,,,,,,
,,,,,,,,,,,,,,,,
,,,,,,,,,,,,,,,,
,,,,,,,,,,,,,,,,
,,,,,,,,,,,,,,,,
,,,,,,,,,,,,,,,,
,,,,,,,,,,,,,,,,
,,,,,,,,,,,,,,,,
,,,,,,,,,,,,,,,,
,,,,,,,,,,,,,,,,
,,,,,,,,,,,,,,,,
,,,,,,,,,,,,,,,,
,,,,,,,,,,,,,,,,
,,,,,,,,,,,,,,,,
,,,,,,,,,,,,,,,,
,,,,,,,,,,,,,,,,
,,,,,,,,,,,,,,,,
,,,,,,,,,,,,,,,,
,,,,,,,,,,,,,,,,
,,,,,,,,,,,,,,,,
,,,,,,,,,,,,,,,,
,,,,,,,,,,,,,,,,
,,,,,,,,,,,,,,,,
,,,,,,,,,,,,,,,,
,,,,,,,,,,,,,,,,
,,,,,,,,,,,,,,,,
,,,,,,,,,,,,,,,,
,,,,,,,,,,,,,,,,
,,,,,,,,,,,,,,,,
,,,,,,,,,,,,,,,,
,,,,,,,,,,,,,,,,
,,,,,,,,,,,,,,,,
,,,,,,,,,,,,,,,,
,,,,,,,,,,,,,,,,
,,,,,,,,,,,,,,,,
,,,,,,,,,,,,,,,,
,,,,,,,,,,,,,,,,
,,,,,,,,,,,,,,,,
,,,,,,,,,,,,,,,,
,,,,,,,,,,,,,,,,
,,,,,,,,,,,,,,,,
,,,,,,,,,,,,,,,,
,,,,,,,,,,,,,,,,
,,,,,,,,,,,,,,,,
,,,,,,,,,,,,,,,,
,,,,,,,,,,,,,,,,
,,,,,,,,,,,,,,,,
,,,,,,,,,,,,,,,,
,,,,,,,,,,,,,,,,
,,,,,,,,,,,,,,,,
,,,,,,,,,,,,,,,,
,,,,,,,,,,,,,,,,
,,,,,,,,,,,,,,,,
,,,,,,,,,,,,,,,,
,,,,,,,,,,,,,,,,
,,,,,,,,,,,,,,,,
,,,,,,,,,,,,,,,,
,,,,,,,,,,,,,,,,
,,,,,,,,,,,,,,,,
,,,,,,,,,,,,,,,,
,,,,,,,,,,,,,,,,
,,,,,,,,,,,,,,,,
,,,,,,,,,,,,,,,,
,,,,,,,,,,,,,,,,
,,,,,,,,,,,,,,,,
,,,,,,,,,,,,,,,,
,,,,,,,,,,,,,,,,
,,,,,,,,,,,,,,,,
,,,,,,,,,,,,,,,,
,,,,,,,,,,,,,,,,
,,,,,,,,,,,,,,,,
,,,,,,,,,,,,,,,,
,,,,,,,,,,,,,,,,
,,,,,,,,,,,,,,,,
,,,,,,,,,,,,,,,,
,,,,,,,,,,,,,,,,
,,,,,,,,,,,,,,,,
,,,,,,,,,,,,,,,,
,,,,,,,,,,,,,,,,
,,,,,,,,,,,,,,,,
,,,,,,,,,,,,,,,,
,,,,,,,,,,,,,,,,
,,,,,,,,,,,,,,,,
,,,,,,,,,,,,,,,,
,,,,,,,,,,,,,,,,
,,,,,,,,,,,,,,,,
,,,,,,,,,,,,,,,,
,,,,,,,,,,,,,,,,
,,,,,,,,,,,,,,,,
,,,,,,,,,,,,,,,,
,,,,,,,,,,,,,,,,
,,,,,,,,,,,,,,,,
,,,,,,,,,,,,,,,,
,,,,,,,,,,,,,,,,
,,,,,,,,,,,,,,,,
,,,,,,,,,,,,,,,,
,,,,,,,,,,,,,,,,
,,,,,,,,,,,,,,,,
,,,,,,,,,,,,,,,,
,,,,,,,,,,,,,,,,
,,,,,,,,,,,,,,,,
,,,,,,,,,,,,,,,,
,,,,,,,,,,,,,,,,
,,,,,,,,,,,,,,,,
,,,,,,,,,,,,,,,,
,,,,,,,,,,,,,,,,
,,,,,,,,,,,,,,,,
,,,,,,,,,,,,,,,,
,,,,,,,,,,,,,,,,
,,,,,,,,,,,,,,,,
,,,,,,,,,,,,,,,,
,,,,,,,,,,,,,,,,
,,,,,,,,,,,,,,,,
,,,,,,,,,,,,,,,,
,,,,,,,,,,,,,,,,
,,,,,,,,,,,,,,,,
,,,,,,,,,,,,,,,,
,,,,,,,,,,,,,,,,
,,,,,,,,,,,,,,,,
,,,,,,,,,,,,,,,,
,,,,,,,,,,,,,,,,
,,,,,,,,,,,,,,,,
,,,,,,,,,,,,,,,,
,,,,,,,,,,,,,,,,
,,,,,,,,,,,,,,,,
,,,,,,,,,,,,,,,,
,,,,,,,,,,,,,,,,
,,,,,,,,,,,,,,,,
,,,,,,,,,,,,,,,,
,,,,,,,,,,,,,,,,
,,,,,,,,,,,,,,,,
,,,,,,,,,,,,,,,,
,,,,,,,,,,,,,,,,
,,,,,,,,,,,,,,,,
,,,,,,,,,,,,,,,,
,,,,,,,,,,,,,,,,
,,,,,,,,,,,,,,,,
,,,,,,,,,,,,,,,,
,,,,,,,,,,,,,,,,
,,,,,,,,,,,,,,,,
,,,,,,,,,,,,,,,,
,,,,,,,,,,,,,,,,
,,,,,,,,,,,,,,,,
,,,,,,,,,,,,,,,,
,,,,,,,,,,,,,,,,
,,,,,,,,,,,,,,,,
,,,,,,,,,,,,,,,,
,,,,,,,,,,,,,,,,
,,,,,,,,,,,,,,,,
,,,,,,,,,,,,,,,,
,,,,,,,,,,,,,,,,
,,,,,,,,,,,,,,,,
,,,,,,,,,,,,,,,,
,,,,,,,,,,,,,,,,
,,,,,,,,,,,,,,,,
,,,,,,,,,,,,,,,,
,,,,,,,,,,,,,,,,
,,,,,,,,,,,,,,,,
,,,,,,,,,,,,,,,,
,,,,,,,,,,,,,,,,
,,,,,,,,,,,,,,,,
,,,,,,,,,,,,,,,,
,,,,,,,,,,,,,,,,
,,,,,,,,,,,,,,,,
,,,,,,,,,,,,,,,,
,,,,,,,,,,,,,,,,
,,,,,,,,,,,,,,,,
,,,,,,,,,,,,,,,,
,,,,,,,,,,,,,,,,
,,,,,,,,,,,,,,,,
,,,,,,,,,,,,,,,,
,,,,,,,,,,,,,,,,
,,,,,,,,,,,,,,,,
,,,,,,,,,,,,,,,,
,,,,,,,,,,,,,,,,
,,,,,,,,,,,,,,,,
,,,,,,,,,,,,,,,,
,,,,,,,,,,,,,,,,
,,,,,,,,,,,,,,,,
,,,,,,,,,,,,,,,,
,,,,,,,,,,,,,,,,
,,,,,,,,,,,,,,,,
,,,,,,,,,,,,,,,,
,,,,,,,,,,,,,,,,
,,,,,,,,,,,,,,,,
,,,,,,,,,,,,,,,,
,,,,,,,,,,,,,,,,
,,,,,,,,,,,,,,,,
,,,,,,,,,,,,,,,,
,,,,,,,,,,,,,,,,
,,,,,,,,,,,,,,,,
,,,,,,,,,,,,,,,,
,,,,,,,,,,,,,,,,
,,,,,,,,,,,,,,,,
,,,,,,,,,,,,,,,,
,,,,,,,,,,,,,,,,
,,,,,,,,,,,,,,,,
,,,,,,,,,,,,,,,,
,,,,,,,,,,,,,,,,
,,,,,,,,,,,,,,,,
,,,,,,,,,,,,,,,,
,,,,,,,,,,,,,,,,
,,,,,,,,,,,,,,,,
,,,,,,,,,,,,,,,,
,,,,,,,,,,,,,,,,
,,,,,,,,,,,,,,,,
,,,,,,,,,,,,,,,,
,,,,,,,,,,,,,,,,
,,,,,,,,,,,,,,,,
,,,,,,,,,,,,,,,,
,,,,,,,,,,,,,,,,
,,,,,,,,,,,,,,,,
,,,,,,,,,,,,,,,,
,,,,,,,,,,,,,,,,
,,,,,,,,,,,,,,,,
,,,,,,,,,,,,,,,,
,,,,,,,,,,,,,,,,
,,,,,,,,,,,,,,,,
,,,,,,,,,,,,,,,,
,,,,,,,,,,,,,,,,
,,,,,,,,,,,,,,,,
,,,,,,,,,,,,,,,,
,,,,,,,,,,,,,,,,
,,,,,,,,,,,,,,,,
,,,,,,,,,,,,,,,,
,,,,,,,,,,,,,,,,
,,,,,,,,,,,,,,,,
,,,,,,,,,,,,,,,,
,,,,,,,,,,,,,,,,
,,,,,,,,,,,,,,,,
,,,,,,,,,,,,,,,,
,,,,,,,,,,,,,,,,
,,,,,,,,,,,,,,,,
,,,,,,,,,,,,,,,,
,,,,,,,,,,,,,,,,
,,,,,,,,,,,,,,,,
,,,,,,,,,,,,,,,,
,,,,,,,,,,,,,,,,
,,,,,,,,,,,,,,,,
,,,,,,,,,,,,,,,,
,,,,,,,,,,,,,,,,
,,,,,,,,,,,,,,,,
,,,,,,,,,,,,,,,,
,,,,,,,,,,,,,,,,
,,,,,,,,,,,,,,,,
,,,,,,,,,,,,,,,,
,,,,,,,,,,,,,,,,
,,,,,,,,,,,,,,,,
,,,,,,,,,,,,,,,,
,,,,,,,,,,,,,,,,
,,,,,,,,,,,,,,,,
,,,,,,,,,,,,,,,,
,,,,,,,,,,,,,,,,
,,,,,,,,,,,,,,,,
,,,,,,,,,,,,,,,,
,,,,,,,,,,,,,,,,
,,,,,,,,,,,,,,,,
,,,,,,,,,,,,,,,,
,,,,,,,,,,,,,,,,
,,,,,,,,,,,,,,,,
,,,,,,,,,,,,,,,,
,,,,,,,,,,,,,,,,
,,,,,,,,,,,,,,,,
,,,,,,,,,,,,,,,,
,,,,,,,,,,,,,,,,
,,,,,,,,,,,,,,,,
,,,,,,,,,,,,,,,,
,,,,,,,,,,,,,,,,
,,,,,,,,,,,,,,,,
,,,,,,,,,,,,,,,,
,,,,,,,,,,,,,,,,
,,,,,,,,,,,,,,,,
