trtmt_env_id,language,version,position,IPA_key,IPA,is_vowel,component,is_dialect,main_usage_prop
1.0,BR POR,a,1,26.0,b,False,a,False,1.0
1.0,AMR ESP,a,1,26.0,b,False,a,False,1.0
1.0,LAT,a,1,26.0,b,False,a,False,1.0
1.0,CAT,a,1,26.0,b,False,a,False,1.0
1.0,VAL,a,1,26.0,b,False,a,False,1.0
1.0,BAL,a,1,26.0,b,False,a,False,1.0
1.0,OCC,a,1,26.0,b,False,a,False,1.0
1.0,GAS OCC,a,1,26.0,b,False,a,False,1.0
1.0,EU FRA,a,1,26.0,b,False,a,False,1.0
1.0,QBC FRA,a,1,26.0,b,False,a,False,1.0
1.0,WAL,a,1,26.0,b,False,a,False,1.0
1.0,ARP,a,1,26.0,b,False,a,False,1.0
1.0,LIG,a,1,26.0,b,False,a,False,1.0
1.0,EU POR,a,1,26.0,b,False,a,False,1.0
1.0,LMO,a,1,26.0,b,False,a,False,1.0
1.0,RMH,a,1,26.0,b,False,a,False,1.0
1.0,FUR,a,1,26.0,b,False,a,False,1.0
1.0,LOG SRD,a,1,26.0,b,False,a,False,1.0
1.0,LOG SRD,a,1,176.0,v,False,b,True,0.0
1.0,CPN SRD,a,1,26.0,b,False,a,False,1.0
1.0,COR,a,1,26.0,b,False,a,False,1.0
1.0,ITA,a,1,26.0,b,False,a,False,1.0
1.0,ABR,a,1,26.0,b,False,a,False,0.5
1.0,ABR,a,1,176.0,v,False,b,False,0.5
1.0,CAM,a,1,176.0,v,False,a,False,1.0
1.0,PGL,a,1,176.0,v,False,a,False,1.0
1.0,SCN,a,1,176.0,v,False,a,False,1.0
1.0,VEN,a,1,26.0,b,False,a,False,1.0
1.0,ARO,a,1,26.0,b,False,a,False,1.0
1.0,ROM,a,1,26.0,b,False,a,False,1.0
1.0,GAL,a,1,26.0,b,False,a,False,1.0
1.0,ASL,a,1,26.0,b,False,a,False,1.0
1.0,CAS ESP,a,1,26.0,b,False,a,False,1.0
1.0,AND ESP,a,1,26.0,b,False,a,False,1.0
1.0,ARG,a,1,26.0,b,False,a,False,1.0
2.0,BR POR,a,1,26.0,b,False,a,False,1.0
2.0,AMR ESP,a,1,26.0,b,False,a,False,1.0
2.0,LAT,a,1,26.0,b,False,a,False,1.0
2.0,CAT,a,1,26.0,b,False,a,False,1.0
2.0,VAL,a,1,26.0,b,False,a,False,1.0
2.0,BAL,a,1,26.0,b,False,a,False,1.0
2.0,OCC,a,1,26.0,b,False,a,False,1.0
2.0,GAS OCC,a,1,26.0,b,False,a,False,1.0
2.0,EU FRA,a,1,26.0,b,False,a,False,1.0
2.0,QBC FRA,a,1,26.0,b,False,a,False,1.0
2.0,WAL,a,1,26.0,b,False,a,False,1.0
2.0,ARP,a,1,26.0,b,False,a,False,1.0
2.0,LIG,a,1,26.0,b,False,a,False,1.0
2.0,EU POR,a,1,26.0,b,False,a,False,1.0
2.0,LMO,a,1,26.0,b,False,a,False,1.0
2.0,RMH,a,1,26.0,b,False,a,False,1.0
2.0,FUR,a,1,26.0,b,False,a,False,1.0
2.0,LOG SRD,a,1,26.0,b,False,a,False,1.0
2.0,LOG SRD,a,1,176.0,v,False,b,True,0.0
2.0,CPN SRD,a,1,26.0,b,False,a,False,1.0
2.0,COR,a,1,26.0,b,False,a,False,1.0
2.0,ITA,a,1,26.0,b,False,a,False,1.0
2.0,ABR,a,1,26.0,b,False,a,False,0.5
2.0,ABR,a,1,176.0,v,False,b,False,0.5
2.0,CAM,a,1,176.0,v,False,a,False,1.0
2.0,PGL,a,1,176.0,v,False,a,False,1.0
2.0,SCN,a,1,176.0,v,False,a,False,1.0
2.0,VEN,a,1,26.0,b,False,a,False,1.0
2.0,ARO,a,1,26.0,b,False,a,False,1.0
2.0,ROM,a,1,26.0,b,False,a,False,1.0
2.0,GAL,a,1,26.0,b,False,a,False,1.0
2.0,ASL,a,1,26.0,b,False,a,False,1.0
2.0,CAS ESP,a,1,26.0,b,False,a,False,1.0
2.0,AND ESP,a,1,26.0,b,False,a,False,1.0
2.0,ARG,a,1,26.0,b,False,a,False,1.0
3.0,BR POR,a,1,29.0,t̪,False,a,False,1.0
3.0,AMR ESP,a,1,29.0,t̪,False,a,False,1.0
3.0,LAT,a,1,29.0,t̪,False,a,False,1.0
3.0,CAT,a,1,29.0,t̪,False,a,False,1.0
3.0,VAL,a,1,29.0,t̪,False,a,False,1.0
3.0,BAL,a,1,29.0,t̪,False,a,False,1.0
3.0,OCC,a,1,29.0,t̪,False,a,False,1.0
3.0,GAS OCC,a,1,29.0,t̪,False,a,False,1.0
3.0,EU FRA,a,1,29.0,t̪,False,a,False,1.0
3.0,QBC FRA,a,1,29.0,t̪,False,a,False,1.0
3.0,WAL,a,1,29.0,t̪,False,a,False,1.0
3.0,ARP,a,1,29.0,t̪,False,a,False,1.0
3.0,LIG,a,1,29.0,t̪,False,a,False,1.0
3.0,EU POR,a,1,29.0,t̪,False,a,False,1.0
3.0,LMO,a,1,29.0,t̪,False,a,False,1.0
3.0,RMH,a,1,29.0,t̪,False,a,False,1.0
3.0,FUR,a,1,29.0,t̪,False,a,False,1.0
3.0,LOG SRD,a,1,29.0,t̪,False,a,False,1.0
3.0,CPN SRD,a,1,29.0,t̪,False,a,False,1.0
3.0,COR,a,1,29.0,t̪,False,a,False,1.0
3.0,ITA,a,1,29.0,t̪,False,a,False,1.0
3.0,ABR,a,1,29.0,t̪,False,a,False,1.0
3.0,CAM,a,1,29.0,t̪,False,a,False,1.0
3.0,PGL,a,1,29.0,t̪,False,a,False,1.0
3.0,SCN,a,1,29.0,t̪,False,a,False,1.0
3.0,VEN,a,1,29.0,t̪,False,a,False,1.0
3.0,ARO,a,1,29.0,t̪,False,a,False,1.0
3.0,ROM,a,1,29.0,t̪,False,a,False,1.0
3.0,ARO,b,1,98.0,t͡s̪,False,a,False,1.0
,,,,,,,,,
,,,,,,,,,
,,,,,,,,,
,,,,,,,,,
,,,,,,,,,
,,,,,,,,,
,,,,,,,,,
,,,,,,,,,
,,,,,,,,,
,,,,,,,,,
,,,,,,,,,
,,,,,,,,,
,,,,,,,,,
,,,,,,,,,
,,,,,,,,,
,,,,,,,,,
,,,,,,,,,
,,,,,,,,,
,,,,,,,,,
,,,,,,,,,
,,,,,,,,,
,,,,,,,,,
,,,,,,,,,
,,,,,,,,,
,,,,,,,,,
,,,,,,,,,
,,,,,,,,,
,,,,,,,,,
,,,,,,,,,
,,,,,,,,,
,,,,,,,,,
,,,,,,,,,
,,,,,,,,,
,,,,,,,,,
,,,,,,,,,
,,,,,,,,,
,,,,,,,,,
,,,,,,,,,
,,,,,,,,,
,,,,,,,,,
,,,,,,,,,
,,,,,,,,,
,,,,,,,,,
,,,,,,,,,
,,,,,,,,,
,,,,,,,,,
,,,,,,,,,
,,,,,,,,,
,,,,,,,,,
,,,,,,,,,
,,,,,,,,,
,,,,,,,,,
,,,,,,,,,
,,,,,,,,,
,,,,,,,,,
,,,,,,,,,
,,,,,,,,,
,,,,,,,,,
,,,,,,,,,
,,,,,,,,,
,,,,,,,,,
,,,,,,,,,
,,,,,,,,,
,,,,,,,,,
,,,,,,,,,
,,,,,,,,,
,,,,,,,,,
,,,,,,,,,
,,,,,,,,,
,,,,,,,,,
,,,,,,,,,
,,,,,,,,,
,,,,,,,,,
,,,,,,,,,
,,,,,,,,,
,,,,,,,,,
,,,,,,,,,
,,,,,,,,,
,,,,,,,,,
,,,,,,,,,
,,,,,,,,,
,,,,,,,,,
,,,,,,,,,
,,,,,,,,,
,,,,,,,,,
,,,,,,,,,
,,,,,,,,,
,,,,,,,,,
,,,,,,,,,
,,,,,,,,,
,,,,,,,,,
,,,,,,,,,
,,,,,,,,,
,,,,,,,,,
,,,,,,,,,
,,,,,,,,,
,,,,,,,,,
,,,,,,,,,
,,,,,,,,,
,,,,,,,,,
6.0,COR,a,1,30.0,d̪,False,a,False,1.0
6.0,ITA,a,1,30.0,d̪,False,a,False,1.0
6.0,ABR,a,1,30.0,d̪,False,a,False,1.0
6.0,CAM,a,1,30.0,d̪,False,a,False,0.5
6.0,CAM,a,1,269.0,ɾ,False,b,False,0.5
6.0,PGL,a,1,30.0,d̪,False,a,False,1.0
6.0,SCN,a,1,30.0,d̪,False,a,False,0.5
6.0,SCN,a,1,269.0,ɾ,False,b,False,0.5
6.0,VEN,a,1,30.0,d̪,False,a,False,1.0
6.0,ARO,a,1,30.0,d̪,False,a,False,1.0
6.0,ROM,a,1,30.0,d̪,False,a,False,1.0
6.0,QBC FRA,b,1,99.0,d͡z̪,False,a,False,1.0
6.0,GAL,a,1,30.0,d̪,False,a,False,1.0
6.0,ASL,a,1,30.0,d̪,False,a,False,1.0
6.0,CAS ESP,a,1,30.0,d̪,False,a,False,1.0
6.0,AND ESP,a,1,30.0,d̪,False,a,False,1.0
6.0,ARG,a,1,30.0,d̪,False,a,False,1.0
7.0,BR POR,a,1,183.0,s,False,a,False,1.0
7.0,AMR ESP,a,1,183.0,s,False,a,False,1.0
7.0,LAT,a,1,43.0,k,False,a,False,1.0
7.0,CAT,a,1,187.0,s̠,False,a,False,1.0
7.0,VAL,a,1,187.0,s̠,False,a,False,1.0
7.0,BAL,a,1,187.0,s̠,False,a,False,1.0
7.0,OCC,a,1,187.0,s̠,False,a,False,1.0
7.0,GAS OCC,a,1,187.0,s̠,False,a,False,1.0
7.0,EU FRA,a,1,181.0,s̪,False,a,False,1.0
7.0,QBC FRA,a,1,181.0,s̪,False,a,False,1.0
7.0,WAL,a,1,181.0,s̪,False,a,False,1.0
7.0,ARP,a,1,181.0,s̪,False,a,False,1.0
7.0,LIG,a,1,183.0,s,False,a,False,1.0
7.0,LIG,a,1,100.0,t͡s,False,b,True,0.0
7.0,EU POR,a,1,183.0,s,False,a,False,1.0
7.0,EU POR,a,1,181.0,s̪,False,b,True,0.0
7.0,LMO,a,1,191.0,ʃ,False,a,False,0.5
7.0,LMO,a,1,187.0,s̠,False,b,False,0.5
7.0,RMH,a,1,108.0,t̠͡ʃ,False,a,False,1.0
7.0,FUR,a,1,108.0,t̠͡ʃ,False,a,False,0.5
7.0,FUR,a,1,187.0,s̠,False,b,False,0.5
7.0,LOG SRD,a,1,43.0,k,False,a,False,1.0
7.0,CPN SRD,a,1,108.0,t̠͡ʃ,False,a,False,1.0
7.0,ITA,a,1,108.0,t̠͡ʃ,False,a,False,1.0
7.0,CAM,a,1,108.0,t̠͡ʃ,False,a,False,1.0
7.0,SCN,a,1,108.0,t̠͡ʃ,False,a,False,1.0
7.0,VEN,a,1,187.0,s̠,False,a,False,0.5
7.0,VEN,a,1,177.0,θ,False,b,False,0.5
7.0,ARO,a,1,98.0,t͡s̪,False,a,False,1.0
7.0,ROM,a,1,108.0,t̠͡ʃ,False,a,False,1.0
7.0,GAL,a,1,177.0,θ,False,a,False,1.0
7.0,GAL,a,1,183.0,s,False,b,True,0.0
7.0,ASL,a,1,177.0,θ,False,a,False,1.0
7.0,CAS ESP,a,1,177.0,θ,False,a,False,1.0
7.0,AND ESP,a,1,179.0,s̟,False,a,False,1.0
7.0,ARG,a,1,177.0,θ,False,a,False,1.0
8.0,BR POR,a,1,43.0,k,False,a,False,1.0
8.0,AMR ESP,a,1,43.0,k,False,a,False,1.0
8.0,LAT,a,1,43.0,k,False,a,False,1.0
8.0,CAT,a,1,43.0,k,False,a,False,1.0
8.0,VAL,a,1,43.0,k,False,a,False,1.0
8.0,BAL,a,1,43.0,k,False,a,False,1.0
8.0,OCC,a,1,43.0,k,False,a,False,1.0
8.0,OCC,a,1,100.0,t͡s,False,b,True,0.0
8.0,GAS OCC,a,1,43.0,k,False,a,False,1.0
8.0,EU FRA,a,1,191.0,ʃ,False,a,False,1.0
8.0,QBC FRA,a,1,191.0,ʃ,False,a,False,1.0
8.0,WAL,a,1,108.0,t̠͡ʃ,False,a,False,1.0
8.0,ARP,a,1,108.0,t̠͡ʃ,False,a,False,0.5
8.0,ARP,a,1,177.0,θ,False,b,False,0.5
8.0,LIG,a,1,43.0,k,False,a,False,1.0
8.0,EU POR,a,1,43.0,k,False,a,False,1.0
8.0,LMO,a,1,43.0,k,False,a,False,1.0
8.0,RMH,a,1,43.0,k,False,a,False,0.5
8.0,RMH,a,1,39.0,c,False,b,False,0.5
8.0,FUR,a,1,39.0,c,False,a,False,0.5
8.0,FUR,a,1,108.0,t̠͡ʃ,False,b,False,0.5
8.0,LOG SRD,a,1,43.0,k,False,a,False,1.0
8.0,CPN SRD,a,1,43.0,k,False,a,False,1.0
8.0,COR,a,1,43.0,k,False,a,False,1.0
8.0,ITA,a,1,43.0,k,False,a,False,1.0
8.0,ABR,a,1,43.0,k,False,a,False,1.0
8.0,CAM,a,1,43.0,k,False,a,False,1.0
8.0,PGL,a,1,43.0,k,False,a,False,1.0
8.0,SCN,a,1,43.0,k,False,a,False,1.0
8.0,VEN,a,1,43.0,k,False,a,False,1.0
8.0,ARO,a,1,43.0,k,False,a,False,1.0
8.0,ROM,a,1,43.0,k,False,a,False,1.0
8.0,GAL,a,1,43.0,k,False,a,False,1.0
8.0,ASL,a,1,43.0,k,False,a,False,1.0
8.0,CAS ESP,a,1,43.0,k,False,a,False,1.0
8.0,AND ESP,a,1,43.0,k,False,a,False,1.0
8.0,ARG,a,1,43.0,k,False,a,False,1.0
9.0,BR POR,a,1,43.0,k,False,a,False,1.0
9.0,AMR ESP,a,1,43.0,k,False,a,False,1.0
9.0,LAT,a,1,43.0,k,False,a,False,1.0
9.0,CAT,a,1,43.0,k,False,a,False,1.0
9.0,VAL,a,1,43.0,k,False,a,False,1.0
9.0,BAL,a,1,43.0,k,False,a,False,1.0
9.0,OCC,a,1,43.0,k,False,a,False,1.0
9.0,GAS OCC,a,1,43.0,k,False,a,False,1.0
9.0,EU FRA,a,1,43.0,k,False,a,False,1.0
9.0,QBC FRA,a,1,43.0,k,False,a,False,1.0
9.0,WAL,a,1,43.0,k,False,a,False,1.0
9.0,ARP,a,1,43.0,k,False,a,False,1.0
9.0,LIG,a,1,43.0,k,False,a,False,1.0
9.0,EU POR,a,1,43.0,k,False,a,False,1.0
9.0,LMO,a,1,43.0,k,False,a,False,1.0
9.0,RMH,a,1,43.0,k,False,a,False,1.0
9.0,FUR,a,1,43.0,k,False,a,False,1.0
9.0,LOG SRD,a,1,43.0,k,False,a,False,1.0
9.0,CPN SRD,a,1,43.0,k,False,a,False,1.0
9.0,COR,a,1,43.0,k,False,a,False,1.0
9.0,ITA,a,1,43.0,k,False,a,False,1.0
9.0,ABR,a,1,43.0,k,False,a,False,1.0
9.0,CAM,a,1,43.0,k,False,a,False,1.0
9.0,PGL,a,1,43.0,k,False,a,False,1.0
9.0,SCN,a,1,43.0,k,False,a,False,1.0
9.0,VEN,a,1,43.0,k,False,a,False,1.0
9.0,ARO,a,1,43.0,k,False,a,False,1.0
9.0,ROM,a,1,43.0,k,False,a,False,1.0
9.0,ITA,b,1,44.0,ɡ,False,a,False,1.0
9.0,GAL,a,1,43.0,k,False,a,False,1.0
9.0,ASL,a,1,43.0,k,False,a,False,1.0
9.0,CAS ESP,a,1,43.0,k,False,a,False,1.0
9.0,AND ESP,a,1,43.0,k,False,a,False,1.0
9.0,ARG,a,1,43.0,k,False,a,False,1.0
10.0,BR POR,a,1,43.0,k,False,a,False,1.0
10.0,AMR ESP,a,1,43.0,k,False,a,False,1.0
10.0,LAT,a,1,43.0,k,False,a,False,1.0
10.0,CAT,a,1,43.0,k,False,a,False,1.0
10.0,VAL,a,1,43.0,k,False,a,False,1.0
10.0,BAL,a,1,43.0,k,False,a,False,1.0
10.0,OCC,a,1,43.0,k,False,a,False,1.0
10.0,GAS OCC,a,1,43.0,k,False,a,False,1.0
10.0,EU FRA,a,1,43.0,k,False,a,False,1.0
10.0,QBC FRA,a,1,43.0,k,False,a,False,1.0
10.0,WAL,a,1,43.0,k,False,a,False,1.0
10.0,ARP,a,1,43.0,k,False,a,False,1.0
10.0,LIG,a,1,43.0,k,False,a,False,1.0
10.0,EU POR,a,1,43.0,k,False,a,False,1.0
10.0,LMO,a,1,43.0,k,False,a,False,1.0
10.0,RMH,a,1,39.0,c,False,a,False,1.0
10.0,FUR,a,1,43.0,k,False,a,False,1.0
10.0,LOG SRD,a,1,43.0,k,False,a,False,1.0
10.0,CPN SRD,a,1,43.0,k,False,a,False,1.0
10.0,COR,a,1,43.0,k,False,a,False,1.0
10.0,ITA,a,1,43.0,k,False,a,False,1.0
10.0,ABR,a,1,43.0,k,False,a,False,1.0
10.0,CAM,a,1,43.0,k,False,a,False,1.0
10.0,PGL,a,1,43.0,k,False,a,False,1.0
10.0,SCN,a,1,43.0,k,False,a,False,1.0
10.0,VEN,a,1,43.0,k,False,a,False,1.0
10.0,ARO,a,1,43.0,k,False,a,False,1.0
10.0,ROM,a,1,43.0,k,False,a,False,1.0
10.0,GAL,a,1,43.0,k,False,a,False,1.0
10.0,ASL,a,1,43.0,k,False,a,False,1.0
10.0,CAS ESP,a,1,43.0,k,False,a,False,1.0
10.0,AND ESP,a,1,43.0,k,False,a,False,1.0
10.0,ARG,a,1,43.0,k,False,a,False,1.0
11.0,BR POR,a,1,192.0,ʒ,False,a,False,1.0
11.0,AMR ESP,a,1,115.0,ɟ͡ʝ,False,a,False,1.0
11.0,LAT,a,1,44.0,ɡ,False,a,False,1.0
11.0,CAT,a,1,192.0,ʒ,False,a,False,1.0
11.0,VAL,a,1,109.0,d̠͡ʒ,False,a,False,1.0
11.0,BAL,a,1,192.0,ʒ,False,a,False,1.0
11.0,OCC,a,1,,̠d̠͡ʒ,False,a,False,1.0
11.0,OCC,a,1,105.0,d͡z̠,False,b,True,0.0
11.0,GAS OCC,a,1,192.0,ʒ,False,a,False,1.0
11.0,EU FRA,a,1,192.0,ʒ,False,a,False,1.0
11.0,QBC FRA,a,1,192.0,ʒ,False,a,False,1.0
11.0,WAL,a,1,109.0,d̠͡ʒ,False,a,False,1.0
11.0,ARP,a,1,101.0,d͡z,False,a,False,0.5
11.0,ARP,a,1,178.0,ð,False,b,False,0.5
11.0,LIG,a,1,184.0,z,False,a,False,1.0
11.0,LIG,a,1,101.0,d͡z,False,b,True,0.0
11.0,EU POR,a,1,192.0,ʒ,False,a,False,1.0
11.0,LMO,a,1,109.0,d̠͡ʒ,False,a,False,0.5
11.0,LMO,a,1,184.0,z,False,b,False,0.5
11.0,RMH,a,1,109.0,d̠͡ʒ,False,a,False,0.5
11.0,RMH,a,1,191.0,ʃ,False,b,False,0.5
11.0,LOG SRD,a,1,44.0,ɡ,False,a,False,1.0
11.0,CPN SRD,a,1,109.0,d̠͡ʒ,False,a,False,1.0
11.0,COR,a,1,40.0,ɟ,False,a,False,1.0
11.0,ITA,a,1,109.0,d̠͡ʒ,False,a,False,1.0
11.0,CAM,a,1,348.0,j,False,a,False,1.0
11.0,SCN,a,1,348.0,j,False,a,False,1.0
11.0,VEN,a,1,188.0,z̠,False,a,False,0.5
11.0,VEN,a,1,178.0,ð,False,b,False,0.5
11.0,ARO,a,1,99.0,d͡z̪,False,a,False,1.0
11.0,ROM,a,1,109.0,d̠͡ʒ,False,a,False,1.0
11.0,GAL,a,1,191.0,ʃ,False,a,False,1.0
11.0,ASL,a,1,191.0,ʃ,False,a,False,1.0
11.0,CAS ESP,a,1,115.0,ɟ͡ʝ,False,a,False,1.0
11.0,AND ESP,a,1,115.0,ɟ͡ʝ,False,a,False,1.0
11.0,ARG,a,1,108.0,t̠͡ʃ,False,a,False,1.0
12.0,BR POR,a,1,192.0,ʒ,False,a,False,1.0
12.0,AMR ESP,a,1,0.0,∅,False,a,False,1.0
12.0,LAT,a,1,44.0,ɡ,False,a,False,1.0
12.0,CAT,a,1,192.0,ʒ,False,a,False,1.0
12.0,VAL,a,1,109.0,d̠͡ʒ,False,a,False,1.0
12.0,BAL,a,1,192.0,ʒ,False,a,False,1.0
12.0,OCC,a,1,,̠d̠͡ʒ,False,a,False,1.0
,,,,,,,,,
,,,,,,,,,
,,,,,,,,,
,,,,,,,,,
,,,,,,,,,
,,,,,,,,,
,,,,,,,,,
,,,,,,,,,
,,,,,,,,,
,,,,,,,,,
,,,,,,,,,
,,,,,,,,,
,,,,,,,,,
,,,,,,,,,
,,,,,,,,,
,,,,,,,,,
,,,,,,,,,
,,,,,,,,,
,,,,,,,,,
,,,,,,,,,
,,,,,,,,,
,,,,,,,,,
,,,,,,,,,
,,,,,,,,,
,,,,,,,,,
,,,,,,,,,
,,,,,,,,,
,,,,,,,,,
,,,,,,,,,
,,,,,,,,,
,,,,,,,,,
,,,,,,,,,
,,,,,,,,,
,,,,,,,,,
,,,,,,,,,
,,,,,,,,,
,,,,,,,,,
,,,,,,,,,
,,,,,,,,,
,,,,,,,,,
,,,,,,,,,
,,,,,,,,,
,,,,,,,,,
,,,,,,,,,
,,,,,,,,,
,,,,,,,,,
,,,,,,,,,
,,,,,,,,,
,,,,,,,,,
,,,,,,,,,
,,,,,,,,,
,,,,,,,,,
,,,,,,,,,
,,,,,,,,,
,,,,,,,,,
,,,,,,,,,
,,,,,,,,,
,,,,,,,,,
,,,,,,,,,
,,,,,,,,,
,,,,,,,,,
,,,,,,,,,
,,,,,,,,,
,,,,,,,,,
,,,,,,,,,
,,,,,,,,,
,,,,,,,,,
,,,,,,,,,
,,,,,,,,,
,,,,,,,,,
,,,,,,,,,
,,,,,,,,,
,,,,,,,,,
,,,,,,,,,
,,,,,,,,,
,,,,,,,,,
,,,,,,,,,
,,,,,,,,,
,,,,,,,,,
,,,,,,,,,
,,,,,,,,,
,,,,,,,,,
,,,,,,,,,
,,,,,,,,,
,,,,,,,,,
,,,,,,,,,
,,,,,,,,,
,,,,,,,,,
,,,,,,,,,
,,,,,,,,,
,,,,,,,,,
,,,,,,,,,
,,,,,,,,,
,,,,,,,,,
,,,,,,,,,
,,,,,,,,,
,,,,,,,,,
,,,,,,,,,
,,,,,,,,,
,,,,,,,,,
15.0,CAT,a,1,257.0,n,False,a,False,1.0
15.0,VAL,a,1,257.0,n,False,a,False,1.0
15.0,BAL,a,1,257.0,n,False,a,False,1.0
15.0,OCC,a,1,257.0,n,False,a,False,1.0
15.0,GAS OCC,a,1,257.0,n,False,a,False,1.0
15.0,EU FRA,a,1,256.0,n̪,False,a,False,1.0
15.0,QBC FRA,a,1,256.0,n̪,False,a,False,1.0
15.0,WAL,a,1,256.0,n̪,False,a,False,1.0
15.0,ARP,a,1,257.0,n,False,a,False,1.0
15.0,LIG,a,1,257.0,n,False,a,False,1.0
15.0,EU POR,a,1,257.0,n,False,a,False,1.0
15.0,LMO,a,1,257.0,n,False,a,False,1.0
15.0,RMH,a,1,257.0,n,False,a,False,1.0
15.0,FUR,a,1,257.0,n,False,a,False,1.0
15.0,LOG SRD,a,1,257.0,n,False,a,False,1.0
15.0,CPN SRD,a,1,257.0,n,False,a,False,1.0
15.0,COR,a,1,257.0,n,False,a,False,1.0
15.0,ITA,a,1,257.0,n,False,a,False,1.0
15.0,ABR,a,1,257.0,n,False,a,False,1.0
15.0,CAM,a,1,257.0,n,False,a,False,1.0
15.0,PGL,a,1,257.0,n,False,a,False,1.0
15.0,SCN,a,1,257.0,n,False,a,False,1.0
15.0,VEN,a,1,257.0,n,False,a,False,1.0
15.0,ARO,a,1,256.0,n̪,False,a,False,1.0
15.0,ROM,a,1,256.0,n̪,False,a,False,1.0
15.0,GAL,a,1,257.0,n,False,a,False,1.0
15.0,ASL,a,1,257.0,n,False,a,False,0.5
15.0,ASL,a,1,261.0,ɲ,False,b,False,0.5
15.0,CAS ESP,a,1,257.0,n,False,a,False,1.0
15.0,AND ESP,a,1,257.0,n,False,a,False,1.0
15.0,ARG,a,1,257.0,n,False,a,False,1.0
16.0,BR POR,a,1,257.0,n,False,a,False,1.0
16.0,AMR ESP,a,1,257.0,n,False,a,False,1.0
16.0,LAT,a,1,257.0,n,False,a,False,1.0
16.0,CAT,a,1,257.0,n,False,a,False,1.0
16.0,VAL,a,1,257.0,n,False,a,False,1.0
16.0,BAL,a,1,257.0,n,False,a,False,1.0
16.0,OCC,a,1,257.0,n,False,a,False,1.0
16.0,GAS OCC,a,1,257.0,n,False,a,False,1.0
16.0,EU FRA,a,1,256.0,n̪,False,a,False,1.0
16.0,QBC FRA,a,1,256.0,n̪,False,a,False,1.0
16.0,WAL,a,1,256.0,n̪,False,a,False,1.0
16.0,ARP,a,1,257.0,n,False,a,False,1.0
16.0,LIG,a,1,257.0,n,False,a,False,1.0
16.0,EU POR,a,1,257.0,n,False,a,False,1.0
16.0,LMO,a,1,257.0,n,False,a,False,1.0
16.0,RMH,a,1,257.0,n,False,a,False,1.0
16.0,FUR,a,1,257.0,n,False,a,False,1.0
16.0,LOG SRD,a,1,257.0,n,False,a,False,1.0
16.0,CPN SRD,a,1,257.0,n,False,a,False,1.0
16.0,COR,a,1,257.0,n,False,a,False,1.0
16.0,ITA,a,1,257.0,n,False,a,False,1.0
16.0,ABR,a,1,257.0,n,False,a,False,1.0
16.0,CAM,a,1,257.0,n,False,a,False,1.0
16.0,PGL,a,1,257.0,n,False,a,False,1.0
16.0,SCN,a,1,257.0,n,False,a,False,1.0
16.0,VEN,a,1,257.0,n,False,a,False,1.0
16.0,ARO,a,1,256.0,n̪,False,a,False,1.0
16.0,ROM,a,1,256.0,n̪,False,a,False,1.0
16.0,GAL,a,1,257.0,n,False,a,False,1.0
16.0,ASL,a,1,257.0,n,False,a,False,0.5
16.0,ASL,a,1,261.0,ɲ,False,b,False,0.5
16.0,CAS ESP,a,1,257.0,n,False,a,False,1.0
16.0,AND ESP,a,1,257.0,n,False,a,False,1.0
16.0,ARG,a,1,257.0,n,False,a,False,1.0
16.5,BR POR,a,1,254.0,m,False,a,False,1.0
16.5,AMR ESP,a,1,254.0,m,False,a,False,1.0
16.5,LAT,a,1,254.0,m,False,a,False,1.0
16.5,CAT,a,1,254.0,m,False,a,False,1.0
16.5,VAL,a,1,254.0,m,False,a,False,1.0
16.5,BAL,a,1,254.0,m,False,a,False,1.0
16.5,OCC,a,1,254.0,m,False,a,False,1.0
16.5,GAS OCC,a,1,254.0,m,False,a,False,1.0
16.5,EU FRA,a,1,254.0,m,False,a,False,1.0
16.5,QBC FRA,a,1,254.0,m,False,a,False,1.0
16.5,WAL,a,1,254.0,m,False,a,False,1.0
16.5,ARP,a,1,254.0,m,False,a,False,1.0
16.5,LIG,a,1,254.0,m,False,a,False,1.0
16.5,EU POR,a,1,254.0,m,False,a,False,1.0
16.5,LMO,a,1,254.0,m,False,a,False,1.0
16.5,RMH,a,1,254.0,m,False,a,False,1.0
16.5,FUR,a,1,254.0,m,False,a,False,1.0
16.5,LOG SRD,a,1,254.0,m,False,a,False,1.0
16.5,CPN SRD,a,1,254.0,m,False,a,False,1.0
16.5,COR,a,1,254.0,m,False,a,False,1.0
16.5,ITA,a,1,254.0,m,False,a,False,1.0
16.5,ABR,a,1,254.0,m,False,a,False,1.0
16.5,CAM,a,1,254.0,m,False,a,False,1.0
16.5,PGL,a,1,254.0,m,False,a,False,1.0
16.5,SCN,a,1,254.0,m,False,a,False,1.0
16.5,VEN,a,1,254.0,m,False,a,False,1.0
16.5,ARO,a,1,254.0,m,False,a,False,1.0
16.5,ROM,a,1,254.0,m,False,a,False,1.0
16.5,GAL,a,1,254.0,m,False,a,False,1.0
16.5,ASL,a,1,254.0,m,False,a,False,1.0
16.5,CAS ESP,a,1,254.0,m,False,a,False,1.0
16.5,AND ESP,a,1,254.0,m,False,a,False,1.0
16.5,ARG,a,1,254.0,m,False,a,False,1.0
17.0,BR POR,a,1,175.0,f,False,a,False,1.0
17.0,AMR ESP,a,1,173.0,ɸ,False,a,False,0.5
,,,,,,,,,
,,,,,,,,,
,,,,,,,,,
,,,,,,,,,
,,,,,,,,,
,,,,,,,,,
,,,,,,,,,
,,,,,,,,,
,,,,,,,,,
,,,,,,,,,
,,,,,,,,,
,,,,,,,,,
,,,,,,,,,
,,,,,,,,,
,,,,,,,,,
,,,,,,,,,
,,,,,,,,,
,,,,,,,,,
,,,,,,,,,
,,,,,,,,,
,,,,,,,,,
,,,,,,,,,
,,,,,,,,,
,,,,,,,,,
,,,,,,,,,
,,,,,,,,,
,,,,,,,,,
,,,,,,,,,
,,,,,,,,,
,,,,,,,,,
,,,,,,,,,
,,,,,,,,,
,,,,,,,,,
,,,,,,,,,
,,,,,,,,,
,,,,,,,,,
,,,,,,,,,
,,,,,,,,,
,,,,,,,,,
,,,,,,,,,
,,,,,,,,,
,,,,,,,,,
,,,,,,,,,
,,,,,,,,,
,,,,,,,,,
,,,,,,,,,
,,,,,,,,,
,,,,,,,,,
,,,,,,,,,
,,,,,,,,,
,,,,,,,,,
,,,,,,,,,
,,,,,,,,,
,,,,,,,,,
,,,,,,,,,
,,,,,,,,,
,,,,,,,,,
,,,,,,,,,
,,,,,,,,,
,,,,,,,,,
,,,,,,,,,
,,,,,,,,,
,,,,,,,,,
,,,,,,,,,
,,,,,,,,,
,,,,,,,,,
,,,,,,,,,
,,,,,,,,,
,,,,,,,,,
,,,,,,,,,
,,,,,,,,,
,,,,,,,,,
,,,,,,,,,
,,,,,,,,,
,,,,,,,,,
,,,,,,,,,
,,,,,,,,,
,,,,,,,,,
,,,,,,,,,
,,,,,,,,,
,,,,,,,,,
,,,,,,,,,
,,,,,,,,,
,,,,,,,,,
,,,,,,,,,
,,,,,,,,,
,,,,,,,,,
,,,,,,,,,
,,,,,,,,,
,,,,,,,,,
,,,,,,,,,
,,,,,,,,,
,,,,,,,,,
,,,,,,,,,
,,,,,,,,,
,,,,,,,,,
,,,,,,,,,
,,,,,,,,,
,,,,,,,,,
,,,,,,,,,
,,,,,,,,,
,,,,,,,,,
,,,,,,,,,
,,,,,,,,,
,,,,,,,,,
,,,,,,,,,
,,,,,,,,,
,,,,,,,,,
,,,,,,,,,
,,,,,,,,,
,,,,,,,,,
,,,,,,,,,
,,,,,,,,,
,,,,,,,,,
,,,,,,,,,
,,,,,,,,,
,,,,,,,,,
,,,,,,,,,
,,,,,,,,,
,,,,,,,,,
,,,,,,,,,
,,,,,,,,,
,,,,,,,,,
,,,,,,,,,
,,,,,,,,,
,,,,,,,,,
,,,,,,,,,
,,,,,,,,,
,,,,,,,,,
,,,,,,,,,
,,,,,,,,,
,,,,,,,,,
,,,,,,,,,
,,,,,,,,,
,,,,,,,,,
,,,,,,,,,
,,,,,,,,,
,,,,,,,,,
,,,,,,,,,
,,,,,,,,,
,,,,,,,,,
,,,,,,,,,
,,,,,,,,,
,,,,,,,,,
,,,,,,,,,
,,,,,,,,,
,,,,,,,,,
,,,,,,,,,
,,,,,,,,,
,,,,,,,,,
,,,,,,,,,
,,,,,,,,,
,,,,,,,,,
,,,,,,,,,
,,,,,,,,,
,,,,,,,,,
,,,,,,,,,
,,,,,,,,,
,,,,,,,,,
,,,,,,,,,
,,,,,,,,,
,,,,,,,,,
,,,,,,,,,
,,,,,,,,,
,,,,,,,,,
,,,,,,,,,
,,,,,,,,,
,,,,,,,,,
,,,,,,,,,
,,,,,,,,,
,,,,,,,,,
,,,,,,,,,
,,,,,,,,,
,,,,,,,,,
,,,,,,,,,
,,,,,,,,,
,,,,,,,,,
,,,,,,,,,
,,,,,,,,,
,,,,,,,,,
,,,,,,,,,
,,,,,,,,,
,,,,,,,,,
,,,,,,,,,
,,,,,,,,,
,,,,,,,,,
,,,,,,,,,
,,,,,,,,,
,,,,,,,,,
,,,,,,,,,
,,,,,,,,,
,,,,,,,,,
,,,,,,,,,
,,,,,,,,,
,,,,,,,,,
,,,,,,,,,
,,,,,,,,,
,,,,,,,,,
,,,,,,,,,
,,,,,,,,,
,,,,,,,,,
,,,,,,,,,
,,,,,,,,,
,,,,,,,,,
,,,,,,,,,
,,,,,,,,,
,,,,,,,,,
,,,,,,,,,
,,,,,,,,,
,,,,,,,,,
,,,,,,,,,
,,,,,,,,,
,,,,,,,,,
,,,,,,,,,
,,,,,,,,,
,,,,,,,,,
,,,,,,,,,
,,,,,,,,,
,,,,,,,,,
,,,,,,,,,
,,,,,,,,,
,,,,,,,,,
,,,,,,,,,
,,,,,,,,,
,,,,,,,,,
,,,,,,,,,
,,,,,,,,,
,,,,,,,,,
,,,,,,,,,
,,,,,,,,,
,,,,,,,,,
,,,,,,,,,
,,,,,,,,,
,,,,,,,,,
,,,,,,,,,
,,,,,,,,,
,,,,,,,,,
,,,,,,,,,
,,,,,,,,,
,,,,,,,,,
,,,,,,,,,
,,,,,,,,,
,,,,,,,,,
,,,,,,,,,
,,,,,,,,,
,,,,,,,,,
,,,,,,,,,
,,,,,,,,,
,,,,,,,,,
,,,,,,,,,
,,,,,,,,,
,,,,,,,,,
,,,,,,,,,
,,,,,,,,,
,,,,,,,,,
,,,,,,,,,
,,,,,,,,,
,,,,,,,,,
,,,,,,,,,
,,,,,,,,,
,,,,,,,,,
,,,,,,,,,
,,,,,,,,,
,,,,,,,,,
,,,,,,,,,
,,,,,,,,,
,,,,,,,,,
,,,,,,,,,
,,,,,,,,,
,,,,,,,,,
,,,,,,,,,
,,,,,,,,,
,,,,,,,,,
,,,,,,,,,
,,,,,,,,,
,,,,,,,,,
,,,,,,,,,
,,,,,,,,,
,,,,,,,,,
,,,,,,,,,
,,,,,,,,,
,,,,,,,,,
,,,,,,,,,
,,,,,,,,,
,,,,,,,,,
,,,,,,,,,
,,,,,,,,,
,,,,,,,,,
,,,,,,,,,
,,,,,,,,,
,,,,,,,,,
,,,,,,,,,
,,,,,,,,,
,,,,,,,,,
,,,,,,,,,
,,,,,,,,,
,,,,,,,,,
,,,,,,,,,
,,,,,,,,,
,,,,,,,,,
,,,,,,,,,
,,,,,,,,,
,,,,,,,,,
,,,,,,,,,
,,,,,,,,,
,,,,,,,,,
,,,,,,,,,
,,,,,,,,,
,,,,,,,,,
,,,,,,,,,
,,,,,,,,,
,,,,,,,,,
,,,,,,,,,
,,,,,,,,,
,,,,,,,,,
,,,,,,,,,
,,,,,,,,,
,,,,,,,,,
,,,,,,,,,
,,,,,,,,,
,,,,,,,,,
,,,,,,,,,
,,,,,,,,,
,,,,,,,,,
,,,,,,,,,
,,,,,,,,,
,,,,,,,,,
,,,,,,,,,
,,,,,,,,,
,,,,,,,,,
,,,,,,,,,
,,,,,,,,,
,,,,,,,,,
,,,,,,,,,
,,,,,,,,,
,,,,,,,,,
,,,,,,,,,
,,,,,,,,,
,,,,,,,,,
,,,,,,,,,
,,,,,,,,,
,,,,,,,,,
,,,,,,,,,
,,,,,,,,,
,,,,,,,,,
,,,,,,,,,
,,,,,,,,,
,,,,,,,,,
,,,,,,,,,
,,,,,,,,,
,,,,,,,,,
,,,,,,,,,
,,,,,,,,,
,,,,,,,,,
,,,,,,,,,
,,,,,,,,,
,,,,,,,,,
,,,,,,,,,
,,,,,,,,,
,,,,,,,,,
,,,,,,,,,
,,,,,,,,,
,,,,,,,,,
,,,,,,,,,
,,,,,,,,,
,,,,,,,,,
,,,,,,,,,
,,,,,,,,,
,,,,,,,,,
,,,,,,,,,
,,,,,,,,,
,,,,,,,,,
,,,,,,,,,
,,,,,,,,,
,,,,,,,,,
,,,,,,,,,
,,,,,,,,,
,,,,,,,,,
,,,,,,,,,
,,,,,,,,,
,,,,,,,,,
,,,,,,,,,
,,,,,,,,,
,,,,,,,,,
,,,,,,,,,
,,,,,,,,,
,,,,,,,,,
,,,,,,,,,
,,,,,,,,,
,,,,,,,,,
,,,,,,,,,
,,,,,,,,,
,,,,,,,,,
,,,,,,,,,
,,,,,,,,,
,,,,,,,,,
,,,,,,,,,
,,,,,,,,,
,,,,,,,,,
,,,,,,,,,
,,,,,,,,,
,,,,,,,,,
,,,,,,,,,
,,,,,,,,,
,,,,,,,,,
,,,,,,,,,
,,,,,,,,,
,,,,,,,,,
,,,,,,,,,
,,,,,,,,,
,,,,,,,,,
,,,,,,,,,
,,,,,,,,,
,,,,,,,,,
,,,,,,,,,
,,,,,,,,,
,,,,,,,,,
,,,,,,,,,
,,,,,,,,,
,,,,,,,,,
,,,,,,,,,
,,,,,,,,,
,,,,,,,,,
,,,,,,,,,
,,,,,,,,,
,,,,,,,,,
,,,,,,,,,
,,,,,,,,,
,,,,,,,,,
,,,,,,,,,
,,,,,,,,,
,,,,,,,,,
,,,,,,,,,
,,,,,,,,,
,,,,,,,,,
,,,,,,,,,
,,,,,,,,,
,,,,,,,,,
,,,,,,,,,
,,,,,,,,,
,,,,,,,,,
,,,,,,,,,
,,,,,,,,,
,,,,,,,,,
,,,,,,,,,
,,,,,,,,,
,,,,,,,,,
,,,,,,,,,
,,,,,,,,,
,,,,,,,,,
,,,,,,,,,
,,,,,,,,,
,,,,,,,,,
,,,,,,,,,
,,,,,,,,,
,,,,,,,,,
,,,,,,,,,
,,,,,,,,,
,,,,,,,,,
,,,,,,,,,
,,,,,,,,,
,,,,,,,,,
,,,,,,,,,
,,,,,,,,,
,,,,,,,,,
,,,,,,,,,
,,,,,,,,,
,,,,,,,,,
,,,,,,,,,
,,,,,,,,,
,,,,,,,,,
,,,,,,,,,
,,,,,,,,,
,,,,,,,,,
,,,,,,,,,
,,,,,,,,,
,,,,,,,,,
,,,,,,,,,
,,,,,,,,,
,,,,,,,,,
,,,,,,,,,
,,,,,,,,,
,,,,,,,,,
,,,,,,,,,
,,,,,,,,,
,,,,,,,,,
,,,,,,,,,
,,,,,,,,,
,,,,,,,,,
,,,,,,,,,
,,,,,,,,,
,,,,,,,,,
,,,,,,,,,
,,,,,,,,,
,,,,,,,,,
,,,,,,,,,
,,,,,,,,,
,,,,,,,,,
,,,,,,,,,
,,,,,,,,,
,,,,,,,,,
,,,,,,,,,
,,,,,,,,,
,,,,,,,,,
,,,,,,,,,
,,,,,,,,,
,,,,,,,,,
,,,,,,,,,
,,,,,,,,,
,,,,,,,,,
,,,,,,,,,
,,,,,,,,,
,,,,,,,,,
,,,,,,,,,
,,,,,,,,,
,,,,,,,,,
,,,,,,,,,
,,,,,,,,,
,,,,,,,,,
,,,,,,,,,
,,,,,,,,,
,,,,,,,,,
,,,,,,,,,
,,,,,,,,,
,,,,,,,,,
,,,,,,,,,
,,,,,,,,,
,,,,,,,,,
,,,,,,,,,
,,,,,,,,,
,,,,,,,,,
,,,,,,,,,
,,,,,,,,,
,,,,,,,,,
,,,,,,,,,
,,,,,,,,,
,,,,,,,,,
,,,,,,,,,
,,,,,,,,,
,,,,,,,,,
,,,,,,,,,
,,,,,,,,,
,,,,,,,,,
,,,,,,,,,
,,,,,,,,,
,,,,,,,,,
,,,,,,,,,
,,,,,,,,,
,,,,,,,,,
,,,,,,,,,
,,,,,,,,,
,,,,,,,,,
,,,,,,,,,
,,,,,,,,,
,,,,,,,,,
,,,,,,,,,
,,,,,,,,,
,,,,,,,,,
,,,,,,,,,
,,,,,,,,,
,,,,,,,,,
,,,,,,,,,
,,,,,,,,,
,,,,,,,,,
,,,,,,,,,
,,,,,,,,,
,,,,,,,,,
,,,,,,,,,
,,,,,,,,,
,,,,,,,,,
,,,,,,,,,
,,,,,,,,,
,,,,,,,,,
,,,,,,,,,
,,,,,,,,,
,,,,,,,,,
,,,,,,,,,
,,,,,,,,,
,,,,,,,,,
,,,,,,,,,
,,,,,,,,,
,,,,,,,,,
,,,,,,,,,
,,,,,,,,,
,,,,,,,,,
,,,,,,,,,
,,,,,,,,,
,,,,,,,,,
,,,,,,,,,
,,,,,,,,,
,,,,,,,,,
,,,,,,,,,
,,,,,,,,,
,,,,,,,,,
,,,,,,,,,
,,,,,,,,,
,,,,,,,,,
,,,,,,,,,
,,,,,,,,,
,,,,,,,,,
,,,,,,,,,
,,,,,,,,,
,,,,,,,,,
,,,,,,,,,
,,,,,,,,,
,,,,,,,,,
,,,,,,,,,
,,,,,,,,,
,,,,,,,,,
,,,,,,,,,
,,,,,,,,,
,,,,,,,,,
,,,,,,,,,
,,,,,,,,,
,,,,,,,,,
,,,,,,,,,
,,,,,,,,,
,,,,,,,,,
,,,,,,,,,
,,,,,,,,,
,,,,,,,,,
,,,,,,,,,
,,,,,,,,,
,,,,,,,,,
,,,,,,,,,
,,,,,,,,,
,,,,,,,,,
,,,,,,,,,
,,,,,,,,,
,,,,,,,,,
,,,,,,,,,
,,,,,,,,,
,,,,,,,,,
,,,,,,,,,
,,,,,,,,,
,,,,,,,,,
,,,,,,,,,
,,,,,,,,,
,,,,,,,,,
,,,,,,,,,
,,,,,,,,,
,,,,,,,,,
,,,,,,,,,
,,,,,,,,,
,,,,,,,,,
,,,,,,,,,
,,,,,,,,,
,,,,,,,,,
,,,,,,,,,
,,,,,,,,,
,,,,,,,,,
,,,,,,,,,
,,,,,,,,,
,,,,,,,,,
,,,,,,,,,
,,,,,,,,,
,,,,,,,,,
,,,,,,,,,
,,,,,,,,,
,,,,,,,,,
,,,,,,,,,
,,,,,,,,,
,,,,,,,,,
,,,,,,,,,
,,,,,,,,,
,,,,,,,,,
,,,,,,,,,
,,,,,,,,,
,,,,,,,,,
,,,,,,,,,
,,,,,,,,,
,,,,,,,,,
,,,,,,,,,
,,,,,,,,,
,,,,,,,,,
,,,,,,,,,
,,,,,,,,,
,,,,,,,,,
,,,,,,,,,
,,,,,,,,,
,,,,,,,,,
,,,,,,,,,
,,,,,,,,,
,,,,,,,,,
,,,,,,,,,
,,,,,,,,,
,,,,,,,,,
,,,,,,,,,
,,,,,,,,,
,,,,,,,,,
,,,,,,,,,
,,,,,,,,,
,,,,,,,,,
,,,,,,,,,
,,,,,,,,,
,,,,,,,,,
,,,,,,,,,
,,,,,,,,,
,,,,,,,,,
,,,,,,,,,
,,,,,,,,,
,,,,,,,,,
,,,,,,,,,
,,,,,,,,,
,,,,,,,,,
,,,,,,,,,
,,,,,,,,,
,,,,,,,,,
,,,,,,,,,
,,,,,,,,,
,,,,,,,,,
,,,,,,,,,
,,,,,,,,,
,,,,,,,,,
,,,,,,,,,
,,,,,,,,,
,,,,,,,,,
,,,,,,,,,
,,,,,,,,,
,,,,,,,,,
,,,,,,,,,
,,,,,,,,,
,,,,,,,,,
,,,,,,,,,
,,,,,,,,,
,,,,,,,,,
,,,,,,,,,
,,,,,,,,,
,,,,,,,,,
,,,,,,,,,
,,,,,,,,,
,,,,,,,,,
,,,,,,,,,
,,,,,,,,,
,,,,,,,,,
,,,,,,,,,
,,,,,,,,,
,,,,,,,,,
,,,,,,,,,
,,,,,,,,,
,,,,,,,,,
,,,,,,,,,
,,,,,,,,,
,,,,,,,,,
,,,,,,,,,
,,,,,,,,,
,,,,,,,,,
,,,,,,,,,
,,,,,,,,,
,,,,,,,,,
,,,,,,,,,
,,,,,,,,,
,,,,,,,,,
,,,,,,,,,
,,,,,,,,,
,,,,,,,,,
,,,,,,,,,
,,,,,,,,,
,,,,,,,,,
,,,,,,,,,
,,,,,,,,,
,,,,,,,,,
,,,,,,,,,
,,,,,,,,,
,,,,,,,,,
,,,,,,,,,
,,,,,,,,,
,,,,,,,,,
,,,,,,,,,
,,,,,,,,,
,,,,,,,,,
,,,,,,,,,
,,,,,,,,,
,,,,,,,,,
,,,,,,,,,
,,,,,,,,,
,,,,,,,,,
,,,,,,,,,
,,,,,,,,,
,,,,,,,,,
,,,,,,,,,
,,,,,,,,,
,,,,,,,,,
,,,,,,,,,
,,,,,,,,,
,,,,,,,,,
,,,,,,,,,
,,,,,,,,,
,,,,,,,,,
,,,,,,,,,
,,,,,,,,,
,,,,,,,,,
,,,,,,,,,
,,,,,,,,,
,,,,,,,,,
,,,,,,,,,
,,,,,,,,,
,,,,,,,,,
,,,,,,,,,
,,,,,,,,,
,,,,,,,,,
,,,,,,,,,
,,,,,,,,,
,,,,,,,,,
,,,,,,,,,
,,,,,,,,,
,,,,,,,,,
,,,,,,,,,
,,,,,,,,,
,,,,,,,,,
,,,,,,,,,
,,,,,,,,,
,,,,,,,,,
,,,,,,,,,
,,,,,,,,,
,,,,,,,,,
,,,,,,,,,
,,,,,,,,,
,,,,,,,,,
,,,,,,,,,
,,,,,,,,,
,,,,,,,,,
,,,,,,,,,
,,,,,,,,,
,,,,,,,,,
,,,,,,,,,
,,,,,,,,,
,,,,,,,,,
,,,,,,,,,
,,,,,,,,,
,,,,,,,,,
,,,,,,,,,
,,,,,,,,,
,,,,,,,,,
,,,,,,,,,
,,,,,,,,,
,,,,,,,,,
,,,,,,,,,
,,,,,,,,,
,,,,,,,,,
,,,,,,,,,
,,,,,,,,,
,,,,,,,,,
,,,,,,,,,
,,,,,,,,,
,,,,,,,,,
,,,,,,,,,
,,,,,,,,,
,,,,,,,,,
,,,,,,,,,
,,,,,,,,,
,,,,,,,,,
,,,,,,,,,
,,,,,,,,,
,,,,,,,,,
,,,,,,,,,
,,,,,,,,,
,,,,,,,,,
,,,,,,,,,
,,,,,,,,,
,,,,,,,,,
,,,,,,,,,
,,,,,,,,,
,,,,,,,,,
,,,,,,,,,
,,,,,,,,,
,,,,,,,,,
,,,,,,,,,
,,,,,,,,,
,,,,,,,,,
,,,,,,,,,
,,,,,,,,,
,,,,,,,,,
,,,,,,,,,
,,,,,,,,,
,,,,,,,,,
,,,,,,,,,
,,,,,,,,,
,,,,,,,,,
,,,,,,,,,
,,,,,,,,,
,,,,,,,,,
,,,,,,,,,
,,,,,,,,,
,,,,,,,,,
,,,,,,,,,
,,,,,,,,,
,,,,,,,,,
,,,,,,,,,
,,,,,,,,,
,,,,,,,,,
,,,,,,,,,
,,,,,,,,,
,,,,,,,,,
,,,,,,,,,
,,,,,,,,,
,,,,,,,,,
,,,,,,,,,
,,,,,,,,,
,,,,,,,,,
,,,,,,,,,
,,,,,,,,,
,,,,,,,,,
,,,,,,,,,
,,,,,,,,,
,,,,,,,,,
,,,,,,,,,
,,,,,,,,,
,,,,,,,,,
,,,,,,,,,
,,,,,,,,,
,,,,,,,,,
,,,,,,,,,
,,,,,,,,,
,,,,,,,,,
,,,,,,,,,
,,,,,,,,,
,,,,,,,,,
,,,,,,,,,
,,,,,,,,,
,,,,,,,,,
,,,,,,,,,
,,,,,,,,,
,,,,,,,,,
,,,,,,,,,
,,,,,,,,,
,,,,,,,,,
,,,,,,,,,
,,,,,,,,,
,,,,,,,,,
,,,,,,,,,
,,,,,,,,,
,,,,,,,,,
,,,,,,,,,
,,,,,,,,,
,,,,,,,,,
,,,,,,,,,
,,,,,,,,,
,,,,,,,,,
,,,,,,,,,
,,,,,,,,,
,,,,,,,,,
,,,,,,,,,
,,,,,,,,,
,,,,,,,,,
,,,,,,,,,
,,,,,,,,,
,,,,,,,,,
,,,,,,,,,
,,,,,,,,,
,,,,,,,,,
,,,,,,,,,
,,,,,,,,,
,,,,,,,,,
,,,,,,,,,
,,,,,,,,,
,,,,,,,,,
,,,,,,,,,
,,,,,,,,,
,,,,,,,,,
,,,,,,,,,
,,,,,,,,,
,,,,,,,,,
,,,,,,,,,
,,,,,,,,,
,,,,,,,,,
,,,,,,,,,
,,,,,,,,,
,,,,,,,,,
,,,,,,,,,
,,,,,,,,,
,,,,,,,,,
,,,,,,,,,
,,,,,,,,,
,,,,,,,,,
,,,,,,,,,
,,,,,,,,,
,,,,,,,,,
,,,,,,,,,
,,,,,,,,,
,,,,,,,,,
,,,,,,,,,
,,,,,,,,,
,,,,,,,,,
,,,,,,,,,
,,,,,,,,,
,,,,,,,,,
,,,,,,,,,
,,,,,,,,,
,,,,,,,,,
,,,,,,,,,
,,,,,,,,,
,,,,,,,,,
,,,,,,,,,
,,,,,,,,,
,,,,,,,,,
,,,,,,,,,
,,,,,,,,,
,,,,,,,,,
,,,,,,,,,
,,,,,,,,,
,,,,,,,,,
,,,,,,,,,
,,,,,,,,,
,,,,,,,,,
,,,,,,,,,
,,,,,,,,,
,,,,,,,,,
,,,,,,,,,
,,,,,,,,,
,,,,,,,,,
,,,,,,,,,
,,,,,,,,,
,,,,,,,,,
,,,,,,,,,
,,,,,,,,,
,,,,,,,,,
,,,,,,,,,
,,,,,,,,,
,,,,,,,,,
,,,,,,,,,
,,,,,,,,,
,,,,,,,,,
,,,,,,,,,
,,,,,,,,,
,,,,,,,,,
,,,,,,,,,
,,,,,,,,,
,,,,,,,,,
,,,,,,,,,
,,,,,,,,,
,,,,,,,,,
,,,,,,,,,
,,,,,,,,,
,,,,,,,,,
,,,,,,,,,
,,,,,,,,,
,,,,,,,,,
,,,,,,,,,
,,,,,,,,,
,,,,,,,,,
,,,,,,,,,
,,,,,,,,,
,,,,,,,,,
,,,,,,,,,
,,,,,,,,,
,,,,,,,,,
,,,,,,,,,
,,,,,,,,,
,,,,,,,,,
,,,,,,,,,
,,,,,,,,,
,,,,,,,,,
,,,,,,,,,
,,,,,,,,,
,,,,,,,,,
,,,,,,,,,
,,,,,,,,,
,,,,,,,,,
,,,,,,,,,
,,,,,,,,,
,,,,,,,,,
,,,,,,,,,
,,,,,,,,,
,,,,,,,,,
,,,,,,,,,
,,,,,,,,,
,,,,,,,,,
,,,,,,,,,
,,,,,,,,,
,,,,,,,,,
,,,,,,,,,
,,,,,,,,,
,,,,,,,,,
,,,,,,,,,
,,,,,,,,,
,,,,,,,,,
,,,,,,,,,
,,,,,,,,,
,,,,,,,,,
,,,,,,,,,
,,,,,,,,,
,,,,,,,,,
,,,,,,,,,
,,,,,,,,,
,,,,,,,,,
,,,,,,,,,
,,,,,,,,,
,,,,,,,,,
,,,,,,,,,
,,,,,,,,,
,,,,,,,,,
,,,,,,,,,
,,,,,,,,,
,,,,,,,,,
,,,,,,,,,
,,,,,,,,,
,,,,,,,,,
,,,,,,,,,
,,,,,,,,,
,,,,,,,,,
,,,,,,,,,
,,,,,,,,,
,,,,,,,,,
,,,,,,,,,
,,,,,,,,,
,,,,,,,,,
,,,,,,,,,
,,,,,,,,,
,,,,,,,,,
,,,,,,,,,
,,,,,,,,,
,,,,,,,,,
,,,,,,,,,
,,,,,,,,,
,,,,,,,,,
,,,,,,,,,
,,,,,,,,,
,,,,,,,,,
,,,,,,,,,
,,,,,,,,,
,,,,,,,,,
,,,,,,,,,
,,,,,,,,,
,,,,,,,,,
,,,,,,,,,
,,,,,,,,,
,,,,,,,,,
,,,,,,,,,
,,,,,,,,,
,,,,,,,,,
,,,,,,,,,
,,,,,,,,,
,,,,,,,,,
,,,,,,,,,
,,,,,,,,,
,,,,,,,,,
,,,,,,,,,
,,,,,,,,,
,,,,,,,,,
,,,,,,,,,
,,,,,,,,,
,,,,,,,,,
,,,,,,,,,
,,,,,,,,,
,,,,,,,,,
,,,,,,,,,
,,,,,,,,,
,,,,,,,,,
,,,,,,,,,
,,,,,,,,,
,,,,,,,,,
,,,,,,,,,
,,,,,,,,,
,,,,,,,,,
,,,,,,,,,
,,,,,,,,,
,,,,,,,,,
,,,,,,,,,
,,,,,,,,,
,,,,,,,,,
,,,,,,,,,
,,,,,,,,,
,,,,,,,,,
,,,,,,,,,
,,,,,,,,,
,,,,,,,,,
,,,,,,,,,
,,,,,,,,,
,,,,,,,,,
,,,,,,,,,
,,,,,,,,,
,,,,,,,,,
,,,,,,,,,
,,,,,,,,,
,,,,,,,,,
,,,,,,,,,
,,,,,,,,,
,,,,,,,,,
,,,,,,,,,
,,,,,,,,,
,,,,,,,,,
,,,,,,,,,
,,,,,,,,,
,,,,,,,,,
,,,,,,,,,
,,,,,,,,,
,,,,,,,,,
,,,,,,,,,
,,,,,,,,,
,,,,,,,,,
,,,,,,,,,
,,,,,,,,,
,,,,,,,,,
,,,,,,,,,
,,,,,,,,,
,,,,,,,,,
,,,,,,,,,
,,,,,,,,,
,,,,,,,,,
,,,,,,,,,
,,,,,,,,,
,,,,,,,,,
,,,,,,,,,
,,,,,,,,,
,,,,,,,,,
,,,,,,,,,
,,,,,,,,,
,,,,,,,,,
,,,,,,,,,
,,,,,,,,,
,,,,,,,,,
,,,,,,,,,
,,,,,,,,,
,,,,,,,,,
,,,,,,,,,
,,,,,,,,,
,,,,,,,,,
,,,,,,,,,
,,,,,,,,,
,,,,,,,,,
,,,,,,,,,
,,,,,,,,,
,,,,,,,,,
,,,,,,,,,
,,,,,,,,,
,,,,,,,,,
,,,,,,,,,
,,,,,,,,,
,,,,,,,,,
,,,,,,,,,
,,,,,,,,,
,,,,,,,,,
,,,,,,,,,
,,,,,,,,,
,,,,,,,,,
,,,,,,,,,
,,,,,,,,,
,,,,,,,,,
,,,,,,,,,
,,,,,,,,,
,,,,,,,,,
,,,,,,,,,
,,,,,,,,,
,,,,,,,,,
,,,,,,,,,
,,,,,,,,,
,,,,,,,,,
,,,,,,,,,
,,,,,,,,,
,,,,,,,,,
,,,,,,,,,
,,,,,,,,,
,,,,,,,,,
,,,,,,,,,
,,,,,,,,,
,,,,,,,,,
,,,,,,,,,
,,,,,,,,,
,,,,,,,,,
,,,,,,,,,
,,,,,,,,,
,,,,,,,,,
,,,,,,,,,
,,,,,,,,,
,,,,,,,,,
,,,,,,,,,
,,,,,,,,,
,,,,,,,,,
,,,,,,,,,
,,,,,,,,,
,,,,,,,,,
,,,,,,,,,
,,,,,,,,,
,,,,,,,,,
,,,,,,,,,
,,,,,,,,,
,,,,,,,,,
,,,,,,,,,
,,,,,,,,,
,,,,,,,,,
,,,,,,,,,
,,,,,,,,,
,,,,,,,,,
,,,,,,,,,
,,,,,,,,,
,,,,,,,,,
,,,,,,,,,
,,,,,,,,,
,,,,,,,,,
,,,,,,,,,
,,,,,,,,,
,,,,,,,,,
,,,,,,,,,
,,,,,,,,,
,,,,,,,,,
,,,,,,,,,
,,,,,,,,,
,,,,,,,,,
,,,,,,,,,
,,,,,,,,,
,,,,,,,,,
,,,,,,,,,
,,,,,,,,,
,,,,,,,,,
,,,,,,,,,
,,,,,,,,,
,,,,,,,,,
,,,,,,,,,
,,,,,,,,,
,,,,,,,,,
,,,,,,,,,
,,,,,,,,,
,,,,,,,,,
,,,,,,,,,
,,,,,,,,,
,,,,,,,,,
,,,,,,,,,
,,,,,,,,,
,,,,,,,,,
,,,,,,,,,
,,,,,,,,,
,,,,,,,,,
,,,,,,,,,
,,,,,,,,,
,,,,,,,,,
,,,,,,,,,
,,,,,,,,,
,,,,,,,,,
,,,,,,,,,
,,,,,,,,,
,,,,,,,,,
,,,,,,,,,
,,,,,,,,,
,,,,,,,,,
,,,,,,,,,
,,,,,,,,,
,,,,,,,,,
,,,,,,,,,
,,,,,,,,,
,,,,,,,,,
,,,,,,,,,
,,,,,,,,,
,,,,,,,,,
,,,,,,,,,
,,,,,,,,,
,,,,,,,,,
,,,,,,,,,
,,,,,,,,,
,,,,,,,,,
,,,,,,,,,
,,,,,,,,,
,,,,,,,,,
,,,,,,,,,
,,,,,,,,,
,,,,,,,,,
,,,,,,,,,
,,,,,,,,,
,,,,,,,,,
,,,,,,,,,
,,,,,,,,,
,,,,,,,,,
,,,,,,,,,
,,,,,,,,,
,,,,,,,,,
,,,,,,,,,
,,,,,,,,,
,,,,,,,,,
,,,,,,,,,
,,,,,,,,,
,,,,,,,,,
,,,,,,,,,
,,,,,,,,,
,,,,,,,,,
,,,,,,,,,
,,,,,,,,,
,,,,,,,,,
,,,,,,,,,
,,,,,,,,,
,,,,,,,,,
,,,,,,,,,
,,,,,,,,,
,,,,,,,,,
,,,,,,,,,
,,,,,,,,,
,,,,,,,,,
,,,,,,,,,
,,,,,,,,,
,,,,,,,,,
,,,,,,,,,
,,,,,,,,,
,,,,,,,,,
,,,,,,,,,
,,,,,,,,,
,,,,,,,,,
,,,,,,,,,
,,,,,,,,,
,,,,,,,,,
,,,,,,,,,
,,,,,,,,,
,,,,,,,,,
,,,,,,,,,
,,,,,,,,,
,,,,,,,,,
,,,,,,,,,
,,,,,,,,,
,,,,,,,,,
,,,,,,,,,
,,,,,,,,,
,,,,,,,,,
,,,,,,,,,
,,,,,,,,,
,,,,,,,,,
,,,,,,,,,
,,,,,,,,,
,,,,,,,,,
,,,,,,,,,
,,,,,,,,,
,,,,,,,,,
,,,,,,,,,
,,,,,,,,,
,,,,,,,,,
,,,,,,,,,
,,,,,,,,,
,,,,,,,,,
,,,,,,,,,
,,,,,,,,,
,,,,,,,,,
,,,,,,,,,
,,,,,,,,,
,,,,,,,,,
,,,,,,,,,
,,,,,,,,,
,,,,,,,,,
,,,,,,,,,
,,,,,,,,,
,,,,,,,,,
,,,,,,,,,
,,,,,,,,,
,,,,,,,,,
,,,,,,,,,
,,,,,,,,,
,,,,,,,,,
,,,,,,,,,
,,,,,,,,,
,,,,,,,,,
,,,,,,,,,
,,,,,,,,,
,,,,,,,,,
,,,,,,,,,
,,,,,,,,,
,,,,,,,,,
,,,,,,,,,
,,,,,,,,,
,,,,,,,,,
,,,,,,,,,
,,,,,,,,,
,,,,,,,,,
,,,,,,,,,
,,,,,,,,,
,,,,,,,,,
,,,,,,,,,
,,,,,,,,,
,,,,,,,,,
,,,,,,,,,
,,,,,,,,,
,,,,,,,,,
,,,,,,,,,
,,,,,,,,,
,,,,,,,,,
,,,,,,,,,
,,,,,,,,,
,,,,,,,,,
,,,,,,,,,
,,,,,,,,,
,,,,,,,,,
,,,,,,,,,
,,,,,,,,,
,,,,,,,,,
,,,,,,,,,
,,,,,,,,,
,,,,,,,,,
,,,,,,,,,
,,,,,,,,,
,,,,,,,,,
,,,,,,,,,
,,,,,,,,,
,,,,,,,,,
,,,,,,,,,
,,,,,,,,,
,,,,,,,,,
,,,,,,,,,
,,,,,,,,,
,,,,,,,,,
,,,,,,,,,
,,,,,,,,,
,,,,,,,,,
,,,,,,,,,
,,,,,,,,,
,,,,,,,,,
,,,,,,,,,
,,,,,,,,,
,,,,,,,,,
,,,,,,,,,
,,,,,,,,,
,,,,,,,,,
,,,,,,,,,
,,,,,,,,,
,,,,,,,,,
,,,,,,,,,
,,,,,,,,,
,,,,,,,,,
,,,,,,,,,
,,,,,,,,,
,,,,,,,,,
,,,,,,,,,
,,,,,,,,,
,,,,,,,,,
,,,,,,,,,
,,,,,,,,,
,,,,,,,,,
,,,,,,,,,
,,,,,,,,,
,,,,,,,,,
,,,,,,,,,
,,,,,,,,,
,,,,,,,,,
,,,,,,,,,
,,,,,,,,,
,,,,,,,,,
,,,,,,,,,
,,,,,,,,,
,,,,,,,,,
,,,,,,,,,
,,,,,,,,,
,,,,,,,,,
,,,,,,,,,
,,,,,,,,,
,,,,,,,,,
,,,,,,,,,
,,,,,,,,,
,,,,,,,,,
,,,,,,,,,
,,,,,,,,,
,,,,,,,,,
,,,,,,,,,
,,,,,,,,,
,,,,,,,,,
,,,,,,,,,
,,,,,,,,,
,,,,,,,,,
,,,,,,,,,
,,,,,,,,,
,,,,,,,,,
,,,,,,,,,
,,,,,,,,,
,,,,,,,,,
,,,,,,,,,
,,,,,,,,,
,,,,,,,,,
,,,,,,,,,
,,,,,,,,,
,,,,,,,,,
,,,,,,,,,
,,,,,,,,,
,,,,,,,,,
,,,,,,,,,
,,,,,,,,,
,,,,,,,,,
,,,,,,,,,
,,,,,,,,,
,,,,,,,,,
,,,,,,,,,
,,,,,,,,,
,,,,,,,,,
,,,,,,,,,
,,,,,,,,,
,,,,,,,,,
,,,,,,,,,
,,,,,,,,,
,,,,,,,,,
,,,,,,,,,
,,,,,,,,,
,,,,,,,,,
,,,,,,,,,
,,,,,,,,,
,,,,,,,,,
,,,,,,,,,
,,,,,,,,,
,,,,,,,,,
,,,,,,,,,
,,,,,,,,,
,,,,,,,,,
,,,,,,,,,
,,,,,,,,,
,,,,,,,,,
,,,,,,,,,
,,,,,,,,,
,,,,,,,,,
,,,,,,,,,
,,,,,,,,,
,,,,,,,,,
,,,,,,,,,
,,,,,,,,,
,,,,,,,,,
,,,,,,,,,
,,,,,,,,,
,,,,,,,,,
,,,,,,,,,
,,,,,,,,,
,,,,,,,,,
,,,,,,,,,
,,,,,,,,,
,,,,,,,,,
,,,,,,,,,
,,,,,,,,,
,,,,,,,,,
,,,,,,,,,
,,,,,,,,,
,,,,,,,,,
,,,,,,,,,
,,,,,,,,,
,,,,,,,,,
,,,,,,,,,
,,,,,,,,,
,,,,,,,,,
,,,,,,,,,
,,,,,,,,,
,,,,,,,,,
,,,,,,,,,
,,,,,,,,,
,,,,,,,,,
,,,,,,,,,
,,,,,,,,,
,,,,,,,,,
,,,,,,,,,
,,,,,,,,,
,,,,,,,,,
,,,,,,,,,
,,,,,,,,,
,,,,,,,,,
,,,,,,,,,
,,,,,,,,,
,,,,,,,,,
,,,,,,,,,
,,,,,,,,,
,,,,,,,,,
,,,,,,,,,
,,,,,,,,,
,,,,,,,,,
,,,,,,,,,
,,,,,,,,,
,,,,,,,,,
,,,,,,,,,
,,,,,,,,,
,,,,,,,,,
,,,,,,,,,
,,,,,,,,,
,,,,,,,,,
,,,,,,,,,
,,,,,,,,,
,,,,,,,,,
,,,,,,,,,
,,,,,,,,,
,,,,,,,,,
,,,,,,,,,
,,,,,,,,,
,,,,,,,,,
,,,,,,,,,
,,,,,,,,,
,,,,,,,,,
,,,,,,,,,
,,,,,,,,,
,,,,,,,,,
,,,,,,,,,
,,,,,,,,,
,,,,,,,,,
,,,,,,,,,
,,,,,,,,,
,,,,,,,,,
,,,,,,,,,
,,,,,,,,,
,,,,,,,,,
,,,,,,,,,
,,,,,,,,,
,,,,,,,,,
,,,,,,,,,
,,,,,,,,,
,,,,,,,,,
,,,,,,,,,
,,,,,,,,,
,,,,,,,,,
,,,,,,,,,
,,,,,,,,,
,,,,,,,,,
,,,,,,,,,
,,,,,,,,,
,,,,,,,,,
,,,,,,,,,
,,,,,,,,,
,,,,,,,,,
,,,,,,,,,
,,,,,,,,,
,,,,,,,,,
,,,,,,,,,
,,,,,,,,,
,,,,,,,,,
,,,,,,,,,
,,,,,,,,,
,,,,,,,,,
,,,,,,,,,
,,,,,,,,,
,,,,,,,,,
,,,,,,,,,
,,,,,,,,,
,,,,,,,,,
,,,,,,,,,
,,,,,,,,,
,,,,,,,,,
,,,,,,,,,
,,,,,,,,,
,,,,,,,,,
,,,,,,,,,
,,,,,,,,,
,,,,,,,,,
,,,,,,,,,
,,,,,,,,,
,,,,,,,,,
,,,,,,,,,
,,,,,,,,,
,,,,,,,,,
,,,,,,,,,
,,,,,,,,,
,,,,,,,,,
,,,,,,,,,
,,,,,,,,,
,,,,,,,,,
,,,,,,,,,
,,,,,,,,,
,,,,,,,,,
,,,,,,,,,
,,,,,,,,,
,,,,,,,,,
,,,,,,,,,
,,,,,,,,,
,,,,,,,,,
,,,,,,,,,
,,,,,,,,,
,,,,,,,,,
,,,,,,,,,
,,,,,,,,,
,,,,,,,,,
,,,,,,,,,
,,,,,,,,,
,,,,,,,,,
,,,,,,,,,
,,,,,,,,,
,,,,,,,,,
,,,,,,,,,
,,,,,,,,,
,,,,,,,,,
,,,,,,,,,
,,,,,,,,,
,,,,,,,,,
,,,,,,,,,
,,,,,,,,,
,,,,,,,,,
,,,,,,,,,
,,,,,,,,,
,,,,,,,,,
,,,,,,,,,
,,,,,,,,,
,,,,,,,,,
,,,,,,,,,
,,,,,,,,,
,,,,,,,,,
,,,,,,,,,
,,,,,,,,,
,,,,,,,,,
,,,,,,,,,
,,,,,,,,,
,,,,,,,,,
,,,,,,,,,
,,,,,,,,,
,,,,,,,,,
,,,,,,,,,
,,,,,,,,,
,,,,,,,,,
,,,,,,,,,
,,,,,,,,,
,,,,,,,,,
,,,,,,,,,
,,,,,,,,,
,,,,,,,,,
,,,,,,,,,
,,,,,,,,,
,,,,,,,,,
,,,,,,,,,
,,,,,,,,,
,,,,,,,,,
,,,,,,,,,
,,,,,,,,,
,,,,,,,,,
,,,,,,,,,
,,,,,,,,,
,,,,,,,,,
,,,,,,,,,
,,,,,,,,,
,,,,,,,,,
,,,,,,,,,
,,,,,,,,,
,,,,,,,,,
,,,,,,,,,
,,,,,,,,,
,,,,,,,,,
,,,,,,,,,
,,,,,,,,,
,,,,,,,,,
,,,,,,,,,
,,,,,,,,,
,,,,,,,,,
,,,,,,,,,
,,,,,,,,,
,,,,,,,,,
,,,,,,,,,
,,,,,,,,,
,,,,,,,,,
,,,,,,,,,
,,,,,,,,,
,,,,,,,,,
,,,,,,,,,
,,,,,,,,,
,,,,,,,,,
,,,,,,,,,
,,,,,,,,,
,,,,,,,,,
,,,,,,,,,
,,,,,,,,,
,,,,,,,,,
,,,,,,,,,
,,,,,,,,,
,,,,,,,,,
,,,,,,,,,
,,,,,,,,,
,,,,,,,,,
,,,,,,,,,
,,,,,,,,,
,,,,,,,,,
,,,,,,,,,
,,,,,,,,,
,,,,,,,,,
,,,,,,,,,
,,,,,,,,,
,,,,,,,,,
,,,,,,,,,
,,,,,,,,,
,,,,,,,,,
,,,,,,,,,
,,,,,,,,,
,,,,,,,,,
,,,,,,,,,
,,,,,,,,,
,,,,,,,,,
,,,,,,,,,
,,,,,,,,,
,,,,,,,,,
,,,,,,,,,
,,,,,,,,,
,,,,,,,,,
,,,,,,,,,
,,,,,,,,,
,,,,,,,,,
,,,,,,,,,
,,,,,,,,,
,,,,,,,,,
,,,,,,,,,
,,,,,,,,,
,,,,,,,,,
,,,,,,,,,
,,,,,,,,,
,,,,,,,,,
,,,,,,,,,
,,,,,,,,,
,,,,,,,,,
,,,,,,,,,
,,,,,,,,,
,,,,,,,,,
,,,,,,,,,
,,,,,,,,,
,,,,,,,,,
,,,,,,,,,
,,,,,,,,,
,,,,,,,,,
,,,,,,,,,
,,,,,,,,,
,,,,,,,,,
,,,,,,,,,
,,,,,,,,,
,,,,,,,,,
,,,,,,,,,
,,,,,,,,,
,,,,,,,,,
,,,,,,,,,
,,,,,,,,,
,,,,,,,,,
,,,,,,,,,
,,,,,,,,,
,,,,,,,,,
,,,,,,,,,
,,,,,,,,,
,,,,,,,,,
,,,,,,,,,
,,,,,,,,,
,,,,,,,,,
,,,,,,,,,
,,,,,,,,,
,,,,,,,,,
,,,,,,,,,
,,,,,,,,,
,,,,,,,,,
,,,,,,,,,
,,,,,,,,,
,,,,,,,,,
,,,,,,,,,
,,,,,,,,,
,,,,,,,,,
,,,,,,,,,
,,,,,,,,,
,,,,,,,,,
,,,,,,,,,
,,,,,,,,,
,,,,,,,,,
,,,,,,,,,
,,,,,,,,,
,,,,,,,,,
,,,,,,,,,
,,,,,,,,,
,,,,,,,,,
,,,,,,,,,
,,,,,,,,,
,,,,,,,,,
,,,,,,,,,
,,,,,,,,,
,,,,,,,,,
,,,,,,,,,
,,,,,,,,,
,,,,,,,,,
,,,,,,,,,
,,,,,,,,,
,,,,,,,,,
,,,,,,,,,
,,,,,,,,,
,,,,,,,,,
,,,,,,,,,
,,,,,,,,,
,,,,,,,,,
,,,,,,,,,
,,,,,,,,,
,,,,,,,,,
,,,,,,,,,
,,,,,,,,,
,,,,,,,,,
,,,,,,,,,
,,,,,,,,,
,,,,,,,,,
,,,,,,,,,
,,,,,,,,,
,,,,,,,,,
,,,,,,,,,
,,,,,,,,,
,,,,,,,,,
,,,,,,,,,
,,,,,,,,,
,,,,,,,,,
,,,,,,,,,
,,,,,,,,,
,,,,,,,,,
,,,,,,,,,
,,,,,,,,,
,,,,,,,,,
,,,,,,,,,
,,,,,,,,,
,,,,,,,,,
,,,,,,,,,
,,,,,,,,,
,,,,,,,,,
,,,,,,,,,
,,,,,,,,,
,,,,,,,,,
,,,,,,,,,
,,,,,,,,,
,,,,,,,,,
,,,,,,,,,
,,,,,,,,,
,,,,,,,,,
,,,,,,,,,
,,,,,,,,,
,,,,,,,,,
,,,,,,,,,
,,,,,,,,,
,,,,,,,,,
,,,,,,,,,
,,,,,,,,,
,,,,,,,,,
,,,,,,,,,
,,,,,,,,,
,,,,,,,,,
,,,,,,,,,
,,,,,,,,,
,,,,,,,,,
,,,,,,,,,
,,,,,,,,,
,,,,,,,,,
,,,,,,,,,
,,,,,,,,,
,,,,,,,,,
,,,,,,,,,
,,,,,,,,,
,,,,,,,,,
,,,,,,,,,
,,,,,,,,,
,,,,,,,,,
,,,,,,,,,
,,,,,,,,,
,,,,,,,,,
,,,,,,,,,
,,,,,,,,,
,,,,,,,,,
,,,,,,,,,
,,,,,,,,,
,,,,,,,,,
,,,,,,,,,
,,,,,,,,,
,,,,,,,,,
,,,,,,,,,
,,,,,,,,,
,,,,,,,,,
,,,,,,,,,
,,,,,,,,,
,,,,,,,,,
,,,,,,,,,
,,,,,,,,,
,,,,,,,,,
,,,,,,,,,
,,,,,,,,,
,,,,,,,,,
,,,,,,,,,
,,,,,,,,,
,,,,,,,,,
,,,,,,,,,
,,,,,,,,,
,,,,,,,,,
,,,,,,,,,
,,,,,,,,,
,,,,,,,,,
,,,,,,,,,
,,,,,,,,,
,,,,,,,,,
,,,,,,,,,
,,,,,,,,,
,,,,,,,,,
,,,,,,,,,
,,,,,,,,,
,,,,,,,,,
,,,,,,,,,
,,,,,,,,,
,,,,,,,,,
,,,,,,,,,
,,,,,,,,,
,,,,,,,,,
,,,,,,,,,
,,,,,,,,,
,,,,,,,,,
,,,,,,,,,
,,,,,,,,,
,,,,,,,,,
,,,,,,,,,
,,,,,,,,,
,,,,,,,,,
,,,,,,,,,
,,,,,,,,,
,,,,,,,,,
,,,,,,,,,
,,,,,,,,,
,,,,,,,,,
,,,,,,,,,
,,,,,,,,,
,,,,,,,,,
,,,,,,,,,
,,,,,,,,,
,,,,,,,,,
,,,,,,,,,
,,,,,,,,,
,,,,,,,,,
,,,,,,,,,
,,,,,,,,,
,,,,,,,,,
,,,,,,,,,
,,,,,,,,,
,,,,,,,,,
,,,,,,,,,
,,,,,,,,,
,,,,,,,,,
,,,,,,,,,
,,,,,,,,,
,,,,,,,,,
,,,,,,,,,
,,,,,,,,,
,,,,,,,,,
,,,,,,,,,
,,,,,,,,,
,,,,,,,,,
,,,,,,,,,
,,,,,,,,,
,,,,,,,,,
,,,,,,,,,
,,,,,,,,,
,,,,,,,,,
,,,,,,,,,
,,,,,,,,,
,,,,,,,,,
,,,,,,,,,
,,,,,,,,,
,,,,,,,,,
,,,,,,,,,
,,,,,,,,,
,,,,,,,,,
,,,,,,,,,
,,,,,,,,,
,,,,,,,,,
,,,,,,,,,
,,,,,,,,,
,,,,,,,,,
,,,,,,,,,
,,,,,,,,,
,,,,,,,,,
,,,,,,,,,
,,,,,,,,,
,,,,,,,,,
,,,,,,,,,
,,,,,,,,,
,,,,,,,,,
,,,,,,,,,
,,,,,,,,,
,,,,,,,,,
,,,,,,,,,
,,,,,,,,,
,,,,,,,,,
,,,,,,,,,
,,,,,,,,,
,,,,,,,,,
,,,,,,,,,
,,,,,,,,,
,,,,,,,,,
,,,,,,,,,
,,,,,,,,,
,,,,,,,,,
,,,,,,,,,
,,,,,,,,,
,,,,,,,,,
,,,,,,,,,
,,,,,,,,,
,,,,,,,,,
,,,,,,,,,
,,,,,,,,,
,,,,,,,,,
,,,,,,,,,
,,,,,,,,,
,,,,,,,,,
,,,,,,,,,
,,,,,,,,,
,,,,,,,,,
,,,,,,,,,
,,,,,,,,,
,,,,,,,,,
,,,,,,,,,
,,,,,,,,,
,,,,,,,,,
,,,,,,,,,
,,,,,,,,,
,,,,,,,,,
,,,,,,,,,
,,,,,,,,,
,,,,,,,,,
,,,,,,,,,
,,,,,,,,,
,,,,,,,,,
,,,,,,,,,
,,,,,,,,,
,,,,,,,,,
,,,,,,,,,
,,,,,,,,,
,,,,,,,,,
,,,,,,,,,
,,,,,,,,,
,,,,,,,,,
,,,,,,,,,
,,,,,,,,,
,,,,,,,,,
,,,,,,,,,
,,,,,,,,,
,,,,,,,,,
,,,,,,,,,
,,,,,,,,,
,,,,,,,,,
,,,,,,,,,
,,,,,,,,,
,,,,,,,,,
,,,,,,,,,
,,,,,,,,,
,,,,,,,,,
,,,,,,,,,
,,,,,,,,,
,,,,,,,,,
,,,,,,,,,
,,,,,,,,,
,,,,,,,,,
,,,,,,,,,
,,,,,,,,,
,,,,,,,,,
,,,,,,,,,
,,,,,,,,,
,,,,,,,,,
,,,,,,,,,
,,,,,,,,,
,,,,,,,,,
,,,,,,,,,
,,,,,,,,,
,,,,,,,,,
,,,,,,,,,
,,,,,,,,,
,,,,,,,,,
,,,,,,,,,
,,,,,,,,,
,,,,,,,,,
,,,,,,,,,
,,,,,,,,,
,,,,,,,,,
,,,,,,,,,
,,,,,,,,,
,,,,,,,,,
,,,,,,,,,
,,,,,,,,,
,,,,,,,,,
,,,,,,,,,
,,,,,,,,,
,,,,,,,,,
,,,,,,,,,
,,,,,,,,,
,,,,,,,,,
,,,,,,,,,
,,,,,,,,,
,,,,,,,,,
,,,,,,,,,
,,,,,,,,,
,,,,,,,,,
,,,,,,,,,
,,,,,,,,,
,,,,,,,,,
,,,,,,,,,
,,,,,,,,,
,,,,,,,,,
,,,,,,,,,
,,,,,,,,,
,,,,,,,,,
,,,,,,,,,
,,,,,,,,,
,,,,,,,,,
,,,,,,,,,
,,,,,,,,,
,,,,,,,,,
,,,,,,,,,
,,,,,,,,,
,,,,,,,,,
,,,,,,,,,
,,,,,,,,,
,,,,,,,,,
,,,,,,,,,
,,,,,,,,,
,,,,,,,,,
,,,,,,,,,
,,,,,,,,,
,,,,,,,,,
,,,,,,,,,
,,,,,,,,,
,,,,,,,,,
,,,,,,,,,
,,,,,,,,,
,,,,,,,,,
,,,,,,,,,
,,,,,,,,,
,,,,,,,,,
,,,,,,,,,
,,,,,,,,,
,,,,,,,,,
,,,,,,,,,
,,,,,,,,,
,,,,,,,,,
,,,,,,,,,
,,,,,,,,,
,,,,,,,,,
,,,,,,,,,
,,,,,,,,,
,,,,,,,,,
,,,,,,,,,
,,,,,,,,,
,,,,,,,,,
,,,,,,,,,
,,,,,,,,,
,,,,,,,,,
,,,,,,,,,
,,,,,,,,,
,,,,,,,,,
,,,,,,,,,
,,,,,,,,,
,,,,,,,,,
,,,,,,,,,
,,,,,,,,,
,,,,,,,,,
,,,,,,,,,
,,,,,,,,,
,,,,,,,,,
,,,,,,,,,
,,,,,,,,,
,,,,,,,,,
,,,,,,,,,
,,,,,,,,,
,,,,,,,,,
,,,,,,,,,
,,,,,,,,,
,,,,,,,,,
,,,,,,,,,
,,,,,,,,,
,,,,,,,,,
,,,,,,,,,
,,,,,,,,,
,,,,,,,,,
,,,,,,,,,
,,,,,,,,,
,,,,,,,,,
,,,,,,,,,
,,,,,,,,,
,,,,,,,,,
,,,,,,,,,
,,,,,,,,,
,,,,,,,,,
,,,,,,,,,
,,,,,,,,,
,,,,,,,,,
,,,,,,,,,
,,,,,,,,,
,,,,,,,,,
,,,,,,,,,
,,,,,,,,,
,,,,,,,,,
,,,,,,,,,
,,,,,,,,,
,,,,,,,,,
,,,,,,,,,
,,,,,,,,,
,,,,,,,,,
,,,,,,,,,
,,,,,,,,,
,,,,,,,,,
,,,,,,,,,
,,,,,,,,,
,,,,,,,,,
,,,,,,,,,
,,,,,,,,,
,,,,,,,,,
,,,,,,,,,
,,,,,,,,,
,,,,,,,,,
,,,,,,,,,
,,,,,,,,,
,,,,,,,,,
,,,,,,,,,
,,,,,,,,,
,,,,,,,,,
,,,,,,,,,
,,,,,,,,,
,,,,,,,,,
,,,,,,,,,
,,,,,,,,,
,,,,,,,,,
,,,,,,,,,
,,,,,,,,,
,,,,,,,,,
,,,,,,,,,
,,,,,,,,,
,,,,,,,,,
,,,,,,,,,
,,,,,,,,,
,,,,,,,,,
,,,,,,,,,
,,,,,,,,,
,,,,,,,,,
,,,,,,,,,
,,,,,,,,,
,,,,,,,,,
,,,,,,,,,
,,,,,,,,,
,,,,,,,,,
,,,,,,,,,
,,,,,,,,,
,,,,,,,,,
,,,,,,,,,
,,,,,,,,,
,,,,,,,,,
,,,,,,,,,
,,,,,,,,,
,,,,,,,,,
,,,,,,,,,
,,,,,,,,,
,,,,,,,,,
,,,,,,,,,
,,,,,,,,,
,,,,,,,,,
,,,,,,,,,
,,,,,,,,,
,,,,,,,,,
,,,,,,,,,
,,,,,,,,,
,,,,,,,,,
,,,,,,,,,
,,,,,,,,,
,,,,,,,,,
,,,,,,,,,
,,,,,,,,,
,,,,,,,,,
,,,,,,,,,
,,,,,,,,,
,,,,,,,,,
,,,,,,,,,
,,,,,,,,,
,,,,,,,,,
,,,,,,,,,
,,,,,,,,,
,,,,,,,,,
,,,,,,,,,
,,,,,,,,,
,,,,,,,,,
,,,,,,,,,
,,,,,,,,,
,,,,,,,,,
,,,,,,,,,
,,,,,,,,,
,,,,,,,,,
,,,,,,,,,
,,,,,,,,,
,,,,,,,,,
,,,,,,,,,
,,,,,,,,,
,,,,,,,,,
,,,,,,,,,
,,,,,,,,,
,,,,,,,,,
,,,,,,,,,
,,,,,,,,,
,,,,,,,,,
,,,,,,,,,
,,,,,,,,,
,,,,,,,,,
,,,,,,,,,
,,,,,,,,,
,,,,,,,,,
,,,,,,,,,
,,,,,,,,,
,,,,,,,,,
,,,,,,,,,
,,,,,,,,,
,,,,,,,,,
,,,,,,,,,
,,,,,,,,,
,,,,,,,,,
,,,,,,,,,
,,,,,,,,,
,,,,,,,,,
,,,,,,,,,
,,,,,,,,,
,,,,,,,,,
,,,,,,,,,
,,,,,,,,,
,,,,,,,,,
,,,,,,,,,
,,,,,,,,,
,,,,,,,,,
,,,,,,,,,
,,,,,,,,,
,,,,,,,,,
,,,,,,,,,
,,,,,,,,,
,,,,,,,,,
,,,,,,,,,
,,,,,,,,,
,,,,,,,,,
,,,,,,,,,
,,,,,,,,,
,,,,,,,,,
,,,,,,,,,
,,,,,,,,,
,,,,,,,,,
,,,,,,,,,
,,,,,,,,,
,,,,,,,,,
,,,,,,,,,
,,,,,,,,,
,,,,,,,,,
,,,,,,,,,
,,,,,,,,,
,,,,,,,,,
,,,,,,,,,
,,,,,,,,,
,,,,,,,,,
,,,,,,,,,
,,,,,,,,,
,,,,,,,,,
,,,,,,,,,
,,,,,,,,,
,,,,,,,,,
,,,,,,,,,
,,,,,,,,,
,,,,,,,,,
,,,,,,,,,
,,,,,,,,,
,,,,,,,,,
,,,,,,,,,
,,,,,,,,,
,,,,,,,,,
,,,,,,,,,
,,,,,,,,,
,,,,,,,,,
,,,,,,,,,
,,,,,,,,,
,,,,,,,,,
,,,,,,,,,
,,,,,,,,,
,,,,,,,,,
,,,,,,,,,
,,,,,,,,,
,,,,,,,,,
,,,,,,,,,
,,,,,,,,,
,,,,,,,,,
,,,,,,,,,
,,,,,,,,,
,,,,,,,,,
,,,,,,,,,
,,,,,,,,,
,,,,,,,,,
,,,,,,,,,
,,,,,,,,,
,,,,,,,,,
,,,,,,,,,
,,,,,,,,,
,,,,,,,,,
,,,,,,,,,
,,,,,,,,,
,,,,,,,,,
,,,,,,,,,
,,,,,,,,,
,,,,,,,,,
,,,,,,,,,
,,,,,,,,,
,,,,,,,,,
,,,,,,,,,
,,,,,,,,,
,,,,,,,,,
,,,,,,,,,
,,,,,,,,,
,,,,,,,,,
,,,,,,,,,
,,,,,,,,,
,,,,,,,,,
,,,,,,,,,
,,,,,,,,,
,,,,,,,,,
,,,,,,,,,
,,,,,,,,,
,,,,,,,,,
,,,,,,,,,
,,,,,,,,,
,,,,,,,,,
,,,,,,,,,
,,,,,,,,,
,,,,,,,,,
,,,,,,,,,
,,,,,,,,,
,,,,,,,,,
,,,,,,,,,
,,,,,,,,,
,,,,,,,,,
,,,,,,,,,
,,,,,,,,,
,,,,,,,,,
,,,,,,,,,
,,,,,,,,,
,,,,,,,,,
,,,,,,,,,
,,,,,,,,,
,,,,,,,,,
,,,,,,,,,
,,,,,,,,,
,,,,,,,,,
,,,,,,,,,
,,,,,,,,,
,,,,,,,,,
,,,,,,,,,
,,,,,,,,,
,,,,,,,,,
,,,,,,,,,
,,,,,,,,,
,,,,,,,,,
,,,,,,,,,
,,,,,,,,,
,,,,,,,,,
,,,,,,,,,
,,,,,,,,,
,,,,,,,,,
,,,,,,,,,
,,,,,,,,,
,,,,,,,,,
,,,,,,,,,
,,,,,,,,,
,,,,,,,,,
,,,,,,,,,
,,,,,,,,,
,,,,,,,,,
,,,,,,,,,
,,,,,,,,,
,,,,,,,,,
,,,,,,,,,
,,,,,,,,,
,,,,,,,,,
,,,,,,,,,
,,,,,,,,,
,,,,,,,,,
,,,,,,,,,
,,,,,,,,,
,,,,,,,,,
,,,,,,,,,
,,,,,,,,,
,,,,,,,,,
,,,,,,,,,
,,,,,,,,,
,,,,,,,,,
,,,,,,,,,
,,,,,,,,,
,,,,,,,,,
,,,,,,,,,
,,,,,,,,,
,,,,,,,,,
,,,,,,,,,
,,,,,,,,,
,,,,,,,,,
,,,,,,,,,
,,,,,,,,,
,,,,,,,,,
,,,,,,,,,
,,,,,,,,,
,,,,,,,,,
,,,,,,,,,
,,,,,,,,,
,,,,,,,,,
,,,,,,,,,
,,,,,,,,,
,,,,,,,,,
,,,,,,,,,
,,,,,,,,,
,,,,,,,,,
,,,,,,,,,
,,,,,,,,,
,,,,,,,,,
,,,,,,,,,
,,,,,,,,,
,,,,,,,,,
,,,,,,,,,
,,,,,,,,,
,,,,,,,,,
,,,,,,,,,
,,,,,,,,,
,,,,,,,,,
,,,,,,,,,
,,,,,,,,,
,,,,,,,,,
,,,,,,,,,
,,,,,,,,,
,,,,,,,,,
,,,,,,,,,
,,,,,,,,,
,,,,,,,,,
,,,,,,,,,
,,,,,,,,,
,,,,,,,,,
,,,,,,,,,
,,,,,,,,,
,,,,,,,,,
,,,,,,,,,
,,,,,,,,,
,,,,,,,,,
,,,,,,,,,
,,,,,,,,,
,,,,,,,,,
,,,,,,,,,
,,,,,,,,,
,,,,,,,,,
,,,,,,,,,
,,,,,,,,,
,,,,,,,,,
,,,,,,,,,
,,,,,,,,,
,,,,,,,,,
,,,,,,,,,
,,,,,,,,,
,,,,,,,,,
,,,,,,,,,
,,,,,,,,,
,,,,,,,,,
,,,,,,,,,
,,,,,,,,,
,,,,,,,,,
,,,,,,,,,
,,,,,,,,,
,,,,,,,,,
,,,,,,,,,
,,,,,,,,,
,,,,,,,,,
,,,,,,,,,
,,,,,,,,,
,,,,,,,,,
,,,,,,,,,
,,,,,,,,,
,,,,,,,,,
,,,,,,,,,
,,,,,,,,,
,,,,,,,,,
,,,,,,,,,
,,,,,,,,,
,,,,,,,,,
,,,,,,,,,
,,,,,,,,,
,,,,,,,,,
,,,,,,,,,
,,,,,,,,,
,,,,,,,,,
,,,,,,,,,
,,,,,,,,,
,,,,,,,,,
,,,,,,,,,
,,,,,,,,,
,,,,,,,,,
,,,,,,,,,
,,,,,,,,,
,,,,,,,,,
,,,,,,,,,
,,,,,,,,,
,,,,,,,,,
,,,,,,,,,
,,,,,,,,,
,,,,,,,,,
,,,,,,,,,
,,,,,,,,,
,,,,,,,,,
,,,,,,,,,
,,,,,,,,,
,,,,,,,,,
,,,,,,,,,
,,,,,,,,,
,,,,,,,,,
,,,,,,,,,
,,,,,,,,,
,,,,,,,,,
,,,,,,,,,
,,,,,,,,,
,,,,,,,,,
,,,,,,,,,
,,,,,,,,,
,,,,,,,,,
,,,,,,,,,
,,,,,,,,,
,,,,,,,,,
,,,,,,,,,
,,,,,,,,,
,,,,,,,,,
,,,,,,,,,
,,,,,,,,,
,,,,,,,,,
,,,,,,,,,
,,,,,,,,,
,,,,,,,,,
,,,,,,,,,
,,,,,,,,,
,,,,,,,,,
,,,,,,,,,
,,,,,,,,,
,,,,,,,,,
,,,,,,,,,
,,,,,,,,,
,,,,,,,,,
,,,,,,,,,
,,,,,,,,,
,,,,,,,,,
,,,,,,,,,
,,,,,,,,,
,,,,,,,,,
,,,,,,,,,
,,,,,,,,,
,,,,,,,,,
,,,,,,,,,
,,,,,,,,,
,,,,,,,,,
,,,,,,,,,
,,,,,,,,,
,,,,,,,,,
,,,,,,,,,
,,,,,,,,,
,,,,,,,,,
,,,,,,,,,
,,,,,,,,,
,,,,,,,,,
,,,,,,,,,
,,,,,,,,,
,,,,,,,,,
,,,,,,,,,
,,,,,,,,,
,,,,,,,,,
,,,,,,,,,
,,,,,,,,,
,,,,,,,,,
,,,,,,,,,
,,,,,,,,,
,,,,,,,,,
,,,,,,,,,
,,,,,,,,,
,,,,,,,,,
,,,,,,,,,
,,,,,,,,,
,,,,,,,,,
,,,,,,,,,
,,,,,,,,,
,,,,,,,,,
,,,,,,,,,
,,,,,,,,,
,,,,,,,,,
,,,,,,,,,
,,,,,,,,,
,,,,,,,,,
,,,,,,,,,
,,,,,,,,,
,,,,,,,,,
,,,,,,,,,
,,,,,,,,,
,,,,,,,,,
,,,,,,,,,
,,,,,,,,,
,,,,,,,,,
,,,,,,,,,
,,,,,,,,,
,,,,,,,,,
,,,,,,,,,
,,,,,,,,,
,,,,,,,,,
,,,,,,,,,
,,,,,,,,,
,,,,,,,,,
,,,,,,,,,
,,,,,,,,,
,,,,,,,,,
,,,,,,,,,
,,,,,,,,,
,,,,,,,,,
,,,,,,,,,
,,,,,,,,,
,,,,,,,,,
,,,,,,,,,
,,,,,,,,,
,,,,,,,,,
,,,,,,,,,
,,,,,,,,,
,,,,,,,,,
,,,,,,,,,
,,,,,,,,,
,,,,,,,,,
,,,,,,,,,
,,,,,,,,,
,,,,,,,,,
,,,,,,,,,
,,,,,,,,,
,,,,,,,,,
,,,,,,,,,
,,,,,,,,,
,,,,,,,,,
,,,,,,,,,
,,,,,,,,,
,,,,,,,,,
,,,,,,,,,
,,,,,,,,,
,,,,,,,,,
,,,,,,,,,
,,,,,,,,,
,,,,,,,,,
,,,,,,,,,
,,,,,,,,,
,,,,,,,,,
,,,,,,,,,
,,,,,,,,,
,,,,,,,,,
,,,,,,,,,
,,,,,,,,,
,,,,,,,,,
,,,,,,,,,
,,,,,,,,,
,,,,,,,,,
,,,,,,,,,
,,,,,,,,,
,,,,,,,,,
,,,,,,,,,
,,,,,,,,,
,,,,,,,,,
,,,,,,,,,
,,,,,,,,,
,,,,,,,,,
,,,,,,,,,
,,,,,,,,,
,,,,,,,,,
,,,,,,,,,
,,,,,,,,,
,,,,,,,,,
,,,,,,,,,
,,,,,,,,,
,,,,,,,,,
,,,,,,,,,
,,,,,,,,,
,,,,,,,,,
,,,,,,,,,
,,,,,,,,,
,,,,,,,,,
,,,,,,,,,
,,,,,,,,,
,,,,,,,,,
,,,,,,,,,
,,,,,,,,,
,,,,,,,,,
,,,,,,,,,
,,,,,,,,,
,,,,,,,,,
,,,,,,,,,
,,,,,,,,,
,,,,,,,,,
,,,,,,,,,
,,,,,,,,,
,,,,,,,,,
,,,,,,,,,
,,,,,,,,,
,,,,,,,,,
,,,,,,,,,
,,,,,,,,,
,,,,,,,,,
,,,,,,,,,
,,,,,,,,,
,,,,,,,,,
,,,,,,,,,
,,,,,,,,,
,,,,,,,,,
,,,,,,,,,
,,,,,,,,,
,,,,,,,,,
,,,,,,,,,
,,,,,,,,,
,,,,,,,,,
,,,,,,,,,
,,,,,,,,,
,,,,,,,,,
,,,,,,,,,
,,,,,,,,,
,,,,,,,,,
,,,,,,,,,
,,,,,,,,,
,,,,,,,,,
,,,,,,,,,
,,,,,,,,,
,,,,,,,,,
,,,,,,,,,
,,,,,,,,,
,,,,,,,,,
,,,,,,,,,
,,,,,,,,,
,,,,,,,,,
,,,,,,,,,
,,,,,,,,,
,,,,,,,,,
,,,,,,,,,
,,,,,,,,,
,,,,,,,,,
,,,,,,,,,
,,,,,,,,,
,,,,,,,,,
,,,,,,,,,
,,,,,,,,,
,,,,,,,,,
,,,,,,,,,
,,,,,,,,,
,,,,,,,,,
,,,,,,,,,
,,,,,,,,,
,,,,,,,,,
,,,,,,,,,
,,,,,,,,,
,,,,,,,,,
,,,,,,,,,
,,,,,,,,,
,,,,,,,,,
,,,,,,,,,
,,,,,,,,,
,,,,,,,,,
,,,,,,,,,
,,,,,,,,,
,,,,,,,,,
,,,,,,,,,
,,,,,,,,,
,,,,,,,,,
,,,,,,,,,
,,,,,,,,,
,,,,,,,,,
,,,,,,,,,
,,,,,,,,,
,,,,,,,,,
,,,,,,,,,
,,,,,,,,,
,,,,,,,,,
,,,,,,,,,
,,,,,,,,,
,,,,,,,,,
,,,,,,,,,
,,,,,,,,,
,,,,,,,,,
,,,,,,,,,
,,,,,,,,,
,,,,,,,,,
,,,,,,,,,
,,,,,,,,,
,,,,,,,,,
,,,,,,,,,
,,,,,,,,,
,,,,,,,,,
,,,,,,,,,
,,,,,,,,,
,,,,,,,,,
,,,,,,,,,
,,,,,,,,,
,,,,,,,,,
,,,,,,,,,
,,,,,,,,,
,,,,,,,,,
,,,,,,,,,
,,,,,,,,,
,,,,,,,,,
,,,,,,,,,
,,,,,,,,,
,,,,,,,,,
,,,,,,,,,
,,,,,,,,,
,,,,,,,,,
,,,,,,,,,
,,,,,,,,,
,,,,,,,,,
,,,,,,,,,
,,,,,,,,,
,,,,,,,,,
,,,,,,,,,
,,,,,,,,,
,,,,,,,,,
,,,,,,,,,
,,,,,,,,,
,,,,,,,,,
,,,,,,,,,
,,,,,,,,,
,,,,,,,,,
,,,,,,,,,
,,,,,,,,,
,,,,,,,,,
,,,,,,,,,
,,,,,,,,,
,,,,,,,,,
,,,,,,,,,
,,,,,,,,,
,,,,,,,,,
,,,,,,,,,
,,,,,,,,,
,,,,,,,,,
,,,,,,,,,
,,,,,,,,,
,,,,,,,,,
,,,,,,,,,
,,,,,,,,,
,,,,,,,,,
,,,,,,,,,
,,,,,,,,,
,,,,,,,,,
,,,,,,,,,
,,,,,,,,,
,,,,,,,,,
,,,,,,,,,
,,,,,,,,,
,,,,,,,,,
,,,,,,,,,
,,,,,,,,,
,,,,,,,,,
,,,,,,,,,
,,,,,,,,,
,,,,,,,,,
,,,,,,,,,
,,,,,,,,,
,,,,,,,,,
,,,,,,,,,
,,,,,,,,,
,,,,,,,,,
,,,,,,,,,
,,,,,,,,,
,,,,,,,,,
,,,,,,,,,
,,,,,,,,,
,,,,,,,,,
,,,,,,,,,
,,,,,,,,,
,,,,,,,,,
,,,,,,,,,
,,,,,,,,,
,,,,,,,,,
,,,,,,,,,
,,,,,,,,,
,,,,,,,,,
,,,,,,,,,
,,,,,,,,,
,,,,,,,,,
,,,,,,,,,
,,,,,,,,,
,,,,,,,,,
,,,,,,,,,
,,,,,,,,,
,,,,,,,,,
,,,,,,,,,
,,,,,,,,,
,,,,,,,,,
,,,,,,,,,
,,,,,,,,,
,,,,,,,,,
,,,,,,,,,
,,,,,,,,,
,,,,,,,,,
,,,,,,,,,
,,,,,,,,,
,,,,,,,,,
,,,,,,,,,
,,,,,,,,,
,,,,,,,,,
,,,,,,,,,
,,,,,,,,,
,,,,,,,,,
,,,,,,,,,
,,,,,,,,,
,,,,,,,,,
,,,,,,,,,
,,,,,,,,,
,,,,,,,,,
,,,,,,,,,
,,,,,,,,,
,,,,,,,,,
,,,,,,,,,
,,,,,,,,,
,,,,,,,,,
,,,,,,,,,
,,,,,,,,,
,,,,,,,,,
,,,,,,,,,
,,,,,,,,,
,,,,,,,,,
,,,,,,,,,
,,,,,,,,,
,,,,,,,,,
,,,,,,,,,
,,,,,,,,,
,,,,,,,,,
,,,,,,,,,
,,,,,,,,,
,,,,,,,,,
,,,,,,,,,
,,,,,,,,,
,,,,,,,,,
,,,,,,,,,
,,,,,,,,,
,,,,,,,,,
,,,,,,,,,
,,,,,,,,,
,,,,,,,,,
,,,,,,,,,
,,,,,,,,,
,,,,,,,,,
,,,,,,,,,
,,,,,,,,,
,,,,,,,,,
,,,,,,,,,
,,,,,,,,,
,,,,,,,,,
,,,,,,,,,
,,,,,,,,,
,,,,,,,,,
,,,,,,,,,
,,,,,,,,,
,,,,,,,,,
,,,,,,,,,
,,,,,,,,,
,,,,,,,,,
,,,,,,,,,
,,,,,,,,,
,,,,,,,,,
,,,,,,,,,
,,,,,,,,,
,,,,,,,,,
,,,,,,,,,
,,,,,,,,,
,,,,,,,,,
,,,,,,,,,
,,,,,,,,,
,,,,,,,,,
,,,,,,,,,
,,,,,,,,,
,,,,,,,,,
,,,,,,,,,
,,,,,,,,,
,,,,,,,,,
,,,,,,,,,
,,,,,,,,,
,,,,,,,,,
,,,,,,,,,
,,,,,,,,,
,,,,,,,,,
,,,,,,,,,
,,,,,,,,,
,,,,,,,,,
,,,,,,,,,
,,,,,,,,,
,,,,,,,,,
,,,,,,,,,
,,,,,,,,,
,,,,,,,,,
,,,,,,,,,
,,,,,,,,,
,,,,,,,,,
,,,,,,,,,
,,,,,,,,,
,,,,,,,,,
,,,,,,,,,
,,,,,,,,,
,,,,,,,,,
,,,,,,,,,
,,,,,,,,,
,,,,,,,,,
,,,,,,,,,
,,,,,,,,,
,,,,,,,,,
,,,,,,,,,
,,,,,,,,,
,,,,,,,,,
,,,,,,,,,
,,,,,,,,,
,,,,,,,,,
,,,,,,,,,
,,,,,,,,,
,,,,,,,,,
,,,,,,,,,
,,,,,,,,,
,,,,,,,,,
,,,,,,,,,
,,,,,,,,,
,,,,,,,,,
,,,,,,,,,
,,,,,,,,,
,,,,,,,,,
,,,,,,,,,
,,,,,,,,,
,,,,,,,,,
,,,,,,,,,
,,,,,,,,,
,,,,,,,,,
,,,,,,,,,
,,,,,,,,,
,,,,,,,,,
,,,,,,,,,
,,,,,,,,,
,,,,,,,,,
,,,,,,,,,
,,,,,,,,,
,,,,,,,,,
,,,,,,,,,
,,,,,,,,,
,,,,,,,,,
,,,,,,,,,
,,,,,,,,,
,,,,,,,,,
,,,,,,,,,
,,,,,,,,,
,,,,,,,,,
,,,,,,,,,
,,,,,,,,,
,,,,,,,,,
,,,,,,,,,
,,,,,,,,,
,,,,,,,,,
,,,,,,,,,
,,,,,,,,,
,,,,,,,,,
,,,,,,,,,
,,,,,,,,,
,,,,,,,,,
,,,,,,,,,
,,,,,,,,,
,,,,,,,,,
,,,,,,,,,
,,,,,,,,,
,,,,,,,,,
,,,,,,,,,
,,,,,,,,,
,,,,,,,,,
,,,,,,,,,
,,,,,,,,,
,,,,,,,,,
,,,,,,,,,
,,,,,,,,,
,,,,,,,,,
,,,,,,,,,
,,,,,,,,,
,,,,,,,,,
,,,,,,,,,
,,,,,,,,,
,,,,,,,,,
,,,,,,,,,
,,,,,,,,,
,,,,,,,,,
,,,,,,,,,
,,,,,,,,,
,,,,,,,,,
,,,,,,,,,
,,,,,,,,,
,,,,,,,,,
,,,,,,,,,
,,,,,,,,,
,,,,,,,,,
,,,,,,,,,
,,,,,,,,,
,,,,,,,,,
,,,,,,,,,
,,,,,,,,,
,,,,,,,,,
,,,,,,,,,
,,,,,,,,,
,,,,,,,,,
,,,,,,,,,
,,,,,,,,,
,,,,,,,,,
,,,,,,,,,
,,,,,,,,,
,,,,,,,,,
,,,,,,,,,
,,,,,,,,,
,,,,,,,,,
,,,,,,,,,
,,,,,,,,,
,,,,,,,,,
,,,,,,,,,
,,,,,,,,,
,,,,,,,,,
,,,,,,,,,
,,,,,,,,,
,,,,,,,,,
,,,,,,,,,
,,,,,,,,,
,,,,,,,,,
,,,,,,,,,
,,,,,,,,,
,,,,,,,,,
,,,,,,,,,
,,,,,,,,,
,,,,,,,,,
,,,,,,,,,
,,,,,,,,,
,,,,,,,,,
,,,,,,,,,
,,,,,,,,,
,,,,,,,,,
,,,,,,,,,
,,,,,,,,,
,,,,,,,,,
,,,,,,,,,
,,,,,,,,,
,,,,,,,,,
,,,,,,,,,
,,,,,,,,,
,,,,,,,,,
,,,,,,,,,
,,,,,,,,,
,,,,,,,,,
,,,,,,,,,
,,,,,,,,,
,,,,,,,,,
,,,,,,,,,
,,,,,,,,,
,,,,,,,,,
,,,,,,,,,
,,,,,,,,,
,,,,,,,,,
,,,,,,,,,
,,,,,,,,,
,,,,,,,,,
,,,,,,,,,
,,,,,,,,,
,,,,,,,,,
,,,,,,,,,
,,,,,,,,,
,,,,,,,,,
,,,,,,,,,
,,,,,,,,,
,,,,,,,,,
,,,,,,,,,
,,,,,,,,,
,,,,,,,,,
,,,,,,,,,
,,,,,,,,,
,,,,,,,,,
,,,,,,,,,
,,,,,,,,,
,,,,,,,,,
,,,,,,,,,
,,,,,,,,,
,,,,,,,,,
,,,,,,,,,
,,,,,,,,,
,,,,,,,,,
,,,,,,,,,
,,,,,,,,,
,,,,,,,,,
,,,,,,,,,
,,,,,,,,,
,,,,,,,,,
,,,,,,,,,
,,,,,,,,,
,,,,,,,,,
,,,,,,,,,
,,,,,,,,,
,,,,,,,,,
,,,,,,,,,
,,,,,,,,,
,,,,,,,,,
,,,,,,,,,
,,,,,,,,,
,,,,,,,,,
,,,,,,,,,
,,,,,,,,,
,,,,,,,,,
,,,,,,,,,
,,,,,,,,,
,,,,,,,,,
,,,,,,,,,
,,,,,,,,,
,,,,,,,,,
,,,,,,,,,
,,,,,,,,,
,,,,,,,,,
,,,,,,,,,
,,,,,,,,,
,,,,,,,,,
,,,,,,,,,
,,,,,,,,,
,,,,,,,,,
,,,,,,,,,
,,,,,,,,,
,,,,,,,,,
,,,,,,,,,
,,,,,,,,,
,,,,,,,,,
,,,,,,,,,
,,,,,,,,,
,,,,,,,,,
,,,,,,,,,
,,,,,,,,,
,,,,,,,,,
,,,,,,,,,
,,,,,,,,,
,,,,,,,,,
,,,,,,,,,
,,,,,,,,,
,,,,,,,,,
,,,,,,,,,
,,,,,,,,,
,,,,,,,,,
,,,,,,,,,
,,,,,,,,,
,,,,,,,,,
,,,,,,,,,
,,,,,,,,,
,,,,,,,,,
,,,,,,,,,
,,,,,,,,,
,,,,,,,,,
,,,,,,,,,
,,,,,,,,,
,,,,,,,,,
,,,,,,,,,
,,,,,,,,,
,,,,,,,,,
,,,,,,,,,
,,,,,,,,,
,,,,,,,,,
,,,,,,,,,
,,,,,,,,,
,,,,,,,,,
,,,,,,,,,
,,,,,,,,,
,,,,,,,,,
,,,,,,,,,
,,,,,,,,,
,,,,,,,,,
,,,,,,,,,
,,,,,,,,,
,,,,,,,,,
,,,,,,,,,
,,,,,,,,,
,,,,,,,,,
,,,,,,,,,
,,,,,,,,,
,,,,,,,,,
,,,,,,,,,
,,,,,,,,,
,,,,,,,,,
,,,,,,,,,
,,,,,,,,,
,,,,,,,,,
,,,,,,,,,
,,,,,,,,,
,,,,,,,,,
,,,,,,,,,
,,,,,,,,,
,,,,,,,,,
,,,,,,,,,
,,,,,,,,,
,,,,,,,,,
,,,,,,,,,
,,,,,,,,,
,,,,,,,,,
,,,,,,,,,
,,,,,,,,,
,,,,,,,,,
,,,,,,,,,
,,,,,,,,,
,,,,,,,,,
,,,,,,,,,
,,,,,,,,,
,,,,,,,,,
,,,,,,,,,
,,,,,,,,,
,,,,,,,,,
,,,,,,,,,
,,,,,,,,,
,,,,,,,,,
,,,,,,,,,
,,,,,,,,,
,,,,,,,,,
,,,,,,,,,
,,,,,,,,,
,,,,,,,,,
,,,,,,,,,
,,,,,,,,,
,,,,,,,,,
,,,,,,,,,
,,,,,,,,,
,,,,,,,,,
,,,,,,,,,
,,,,,,,,,
,,,,,,,,,
,,,,,,,,,
,,,,,,,,,
,,,,,,,,,
,,,,,,,,,
,,,,,,,,,
,,,,,,,,,
,,,,,,,,,
,,,,,,,,,
,,,,,,,,,
,,,,,,,,,
,,,,,,,,,
,,,,,,,,,
,,,,,,,,,
,,,,,,,,,
,,,,,,,,,
,,,,,,,,,
,,,,,,,,,
,,,,,,,,,
,,,,,,,,,
,,,,,,,,,
,,,,,,,,,
,,,,,,,,,
,,,,,,,,,
,,,,,,,,,
,,,,,,,,,
,,,,,,,,,
,,,,,,,,,
,,,,,,,,,
,,,,,,,,,
,,,,,,,,,
,,,,,,,,,
,,,,,,,,,
,,,,,,,,,
,,,,,,,,,
,,,,,,,,,
,,,,,,,,,
,,,,,,,,,
,,,,,,,,,
,,,,,,,,,
,,,,,,,,,
,,,,,,,,,
,,,,,,,,,
,,,,,,,,,
,,,,,,,,,
,,,,,,,,,
,,,,,,,,,
,,,,,,,,,
,,,,,,,,,
,,,,,,,,,
,,,,,,,,,
,,,,,,,,,
,,,,,,,,,
,,,,,,,,,
,,,,,,,,,
,,,,,,,,,
,,,,,,,,,
,,,,,,,,,
,,,,,,,,,
,,,,,,,,,
,,,,,,,,,
,,,,,,,,,
,,,,,,,,,
,,,,,,,,,
,,,,,,,,,
,,,,,,,,,
,,,,,,,,,
,,,,,,,,,
,,,,,,,,,
,,,,,,,,,
,,,,,,,,,
,,,,,,,,,
,,,,,,,,,
,,,,,,,,,
,,,,,,,,,
,,,,,,,,,
,,,,,,,,,
,,,,,,,,,
,,,,,,,,,
,,,,,,,,,
,,,,,,,,,
,,,,,,,,,
,,,,,,,,,
,,,,,,,,,
,,,,,,,,,
,,,,,,,,,
,,,,,,,,,
,,,,,,,,,
,,,,,,,,,
,,,,,,,,,
,,,,,,,,,
,,,,,,,,,
,,,,,,,,,
,,,,,,,,,
,,,,,,,,,
,,,,,,,,,
,,,,,,,,,
,,,,,,,,,
,,,,,,,,,
,,,,,,,,,
,,,,,,,,,
,,,,,,,,,
,,,,,,,,,
,,,,,,,,,
,,,,,,,,,
,,,,,,,,,
,,,,,,,,,
,,,,,,,,,
,,,,,,,,,
,,,,,,,,,
,,,,,,,,,
,,,,,,,,,
,,,,,,,,,
,,,,,,,,,
,,,,,,,,,
,,,,,,,,,
,,,,,,,,,
,,,,,,,,,
,,,,,,,,,
,,,,,,,,,
,,,,,,,,,
,,,,,,,,,
,,,,,,,,,
,,,,,,,,,
,,,,,,,,,
,,,,,,,,,
,,,,,,,,,
,,,,,,,,,
,,,,,,,,,
,,,,,,,,,
,,,,,,,,,
,,,,,,,,,
,,,,,,,,,
,,,,,,,,,
,,,,,,,,,
,,,,,,,,,
,,,,,,,,,
,,,,,,,,,
,,,,,,,,,
,,,,,,,,,
,,,,,,,,,
,,,,,,,,,
,,,,,,,,,
,,,,,,,,,
,,,,,,,,,
,,,,,,,,,
,,,,,,,,,
,,,,,,,,,
,,,,,,,,,
,,,,,,,,,
,,,,,,,,,
,,,,,,,,,
,,,,,,,,,
,,,,,,,,,
,,,,,,,,,
,,,,,,,,,
,,,,,,,,,
,,,,,,,,,
,,,,,,,,,
,,,,,,,,,
,,,,,,,,,
,,,,,,,,,
,,,,,,,,,
,,,,,,,,,
,,,,,,,,,
,,,,,,,,,
,,,,,,,,,
,,,,,,,,,
,,,,,,,,,
,,,,,,,,,
,,,,,,,,,
,,,,,,,,,
,,,,,,,,,
,,,,,,,,,
,,,,,,,,,
,,,,,,,,,
,,,,,,,,,
,,,,,,,,,
,,,,,,,,,
,,,,,,,,,
,,,,,,,,,
,,,,,,,,,
,,,,,,,,,
,,,,,,,,,
,,,,,,,,,
,,,,,,,,,
,,,,,,,,,
,,,,,,,,,
,,,,,,,,,
,,,,,,,,,
,,,,,,,,,
,,,,,,,,,
,,,,,,,,,
,,,,,,,,,
,,,,,,,,,
,,,,,,,,,
,,,,,,,,,
,,,,,,,,,
,,,,,,,,,
,,,,,,,,,
,,,,,,,,,
,,,,,,,,,
,,,,,,,,,
,,,,,,,,,
,,,,,,,,,
,,,,,,,,,
,,,,,,,,,
,,,,,,,,,
,,,,,,,,,
,,,,,,,,,
,,,,,,,,,
,,,,,,,,,
,,,,,,,,,
,,,,,,,,,
,,,,,,,,,
,,,,,,,,,
,,,,,,,,,
,,,,,,,,,
,,,,,,,,,
,,,,,,,,,
,,,,,,,,,
,,,,,,,,,
48,VAL,a,2,29.0,t̪,False,a,False,1.0
48,VAL,a,1,187.0,s̠,False,a,False,1.0
48,VEN,a,0,0.0,∅,True,a,False,1.0
48,VEN,a,2,29.0,t̪,False,a,False,1.0
48,VEN,a,1,187.0,s̠,False,a,False,1.0
48,WAL,a,0,0.0,∅,True,a,False,1.0
48,WAL,a,2,29.0,t̪,False,a,False,1.0
48,WAL,a,1,181.0,s̪,False,a,False,1.0
49a,ABR,a,0,0.0,∅,True,a,False,1.0
49a,ABR,a,1,183.0,s,False,a,False,1.0
49a,AMR ESP,a,0,504.0,e̞,True,a,False,1.0
49a,AMR ESP,a,1,183.0,s,False,a,False,1.0
49a,AMR ESP,a,2,43.0,k,False,a,False,1.0
49a,AND ESP,a,1,205.0,h,False,a,False,1.0
49a,AND ESP,a,0,504.0,e̞,True,a,False,0.5
49a,AND ESP,a,0,505.0,ɛ,True,b,False,0.5
49a,AND ESP,a,2,43.0,k,False,a,False,1.0
49a,ARG,a,0,504.0,e̞,True,a,False,1.0
49a,ARG,a,2,43.0,k,False,a,False,1.0
49a,ARG,a,1,187.0,s̠,False,a,False,1.0
49a,ARP,a,0,504.0,e̞,True,a,False,1.0
49a,ARP,a,1,0.0,∅,False,a,False,1.0
49a,ARP,a,2,108.0,t̠͡ʃ,False,a,False,0.5
49a,ARP,a,2,177.0,θ,False,b,False,0.5
49a,ASL,a,0,508.0,ɪ,True,a,False,1.0
49a,ASL,a,1,187.0,s̠,False,a,False,1.0
49a,ASL,a,2,43.0,k,False,a,False,1.0
49a,BAL,a,2,43.0,k,False,a,False,1.0
49a,BAL,a,1,187.0,s̠,False,a,False,1.0
49a,BAL,a,0,514.0,ə,True,a,False,1.0
49a,BR POR,a,2,43.0,k,False,a,False,1.0
49a,BR POR,a,1,183.0,s,False,a,False,1.0
49a,BR POR,a,0,502.0,i̞,True,a,False,1.0
49a,CAM,a,1,191.0,ʃ,False,a,False,1.0
49a,CAM,a,0,0.0,∅,True,a,False,1.0
49a,CAS ESP,a,2,43.0,k,False,a,False,1.0
49a,CAS ESP,a,0,504.0,e̞,True,a,False,1.0
49a,CAS ESP,a,1,187.0,s̠,False,a,False,1.0
49a,CAT,a,2,43.0,k,False,a,False,1.0
49a,CAT,a,0,514.0,ə,True,a,False,0.5
49a,CAT,a,0,516.0,ɐ,True,b,False,0.5
49a,CAT,a,1,187.0,s̠,False,a,False,1.0
49a,COR,a,1,183.0,s,False,a,False,1.0
49a,COR,a,0,0.0,∅,True,a,False,1.0
49a,CPN SRD,a,0,0.0,∅,True,a,False,1.0
49a,CPN SRD,a,1,183.0,s,False,a,False,1.0
49a,CPN SRD,a,1,187.0,s̠,False,b,True,0.0
49a,EU FRA,a,0,503.0,e,True,a,False,1.0
49a,EU FRA,a,2,191.0,ʃ,False,a,False,1.0
49a,EU FRA,b,1,0.0,∅,False,a,False,1.0
49a,EU FRA,b,2,43.0,k,False,a,False,1.0
49a,EU FRA,b,0,503.0,e,True,a,False,1.0
49a,EU FRA,a,1,0.0,∅,False,a,False,1.0
49a,EU POR,a,2,43.0,k,False,a,False,1.0
49a,EU POR,a,1,191.0,ʃ,False,a,False,1.0
49a,EU POR,a,0,501.0,i,True,a,False,1.0
49a,FUR,a,1,187.0,s̠,False,a,False,0.5
49a,FUR,a,1,191.0,ʃ,False,b,False,0.5
49a,FUR,a,0,0.0,∅,True,a,False,1.0
49a,GAL,a,2,43.0,k,False,a,False,1.0
49a,GAL,a,1,187.0,s̠,False,a,False,1.0
49a,GAL,a,1,183.0,s,False,b,True,0.0
49a,GAL,a,0,508.0,ɪ,True,a,False,1.0
49a,GAS OCC,a,0,503.0,e,True,a,False,1.0
49a,GAS OCC,a,2,43.0,k,False,a,False,1.0
49a,GAS OCC,a,1,187.0,s̠,False,a,False,1.0
49a,ITA,a,0,0.0,∅,True,a,False,1.0
49a,ITA,a,1,183.0,s,False,a,False,1.0
49a,ITA,a,2,43.0,k,False,a,False,1.0
49a,LAT,a,2,43.0,k,False,a,False,1.0
49a,LAT,a,1,187.0,s̠,False,a,False,1.0
49a,LIG,a,1,183.0,s,False,a,False,1.0
49a,LIG,a,1,191.0,ʃ,False,b,True,0.0
49a,LIG,a,0,0.0,∅,True,a,False,1.0
49a,LIG,a,2,43.0,k,False,a,False,1.0
49a,LMO,a,0,0.0,∅,True,a,False,1.0
49a,LMO,a,2,43.0,k,False,a,False,1.0
49a,LMO,a,1,187.0,s̠,False,a,False,1.0
49a,LOG SRD,a,1,187.0,s̠,False,a,False,1.0
49a,LOG SRD,a,0,501.0,i,True,a,False,1.0
49a,OCC,a,2,43.0,k,False,a,False,1.0
49a,OCC,a,1,187.0,s̠,False,a,False,1.0
49a,OCC,a,0,503.0,e,True,a,False,1.0
49a,PGL,a,1,183.0,s,False,a,False,1.0
49a,PGL,a,0,0.0,∅,True,a,False,1.0
49a,QBC FRA,a,0,503.0,e,True,a,False,1.0
49a,QBC FRA,a,1,0.0,∅,False,a,False,1.0
49a,QBC FRA,a,2,191.0,ʃ,False,a,False,1.0
49a,QBC FRA,b,1,0.0,∅,False,a,False,1.0
49a,QBC FRA,b,0,503.0,e,True,a,False,1.0
49a,QBC FRA,b,2,43.0,k,False,a,False,1.0
49a,RMH,a,0,0.0,∅,True,a,False,1.0
49a,RMH,a,1,191.0,ʃ,False,a,False,1.0
49a,SCN,a,1,183.0,s,False,a,False,0.5
49a,SCN,a,1,191.0,ʃ,False,b,False,0.5
49a,SCN,a,0,0.0,∅,True,a,False,1.0
49a,VAL,a,1,187.0,s̠,False,a,False,1.0
49a,VAL,a,0,504.0,e̞,True,a,False,1.0
49a,VAL,a,2,43.0,k,False,a,False,1.0
49a,VEN,a,2,43.0,k,False,a,False,1.0
49a,VEN,a,1,187.0,s̠,False,a,False,1.0
49a,VEN,a,0,0.0,∅,True,a,False,1.0
49a,WAL,a,1,181.0,s̪,False,a,False,0.333333
49a,WAL,a,1,191.0,ʃ,False,b,False,0.333333
49a,WAL,a,1,205.0,h,False,c,False,0.333333
49a,WAL,a,2,191.0,ʃ,False,a,False,0.333333
49a,WAL,a,2,43.0,k,False,b,False,0.333333
49a,WAL,a,2,205.0,h,False,c,False,0.333333
49a,WAL,a,0,0.0,∅,True,a,False,1.0
49b,AMR ESP,a,1,0.0,∅,False,a,False,1.0
49b,AMR ESP,a,0,0.0,∅,True,a,False,1.0
49b,AMR ESP,a,2,183.0,s,False,a,False,1.0
49b,AMR ESP,b,2,43.0,k,False,a,False,1.0
49b,AMR ESP,b,0,504.0,e̞,True,a,False,1.0
49b,AMR ESP,b,1,183.0,s,False,a,False,1.0
49b,AND ESP,b,2,179.0,s̟,False,a,False,1.0
49b,AND ESP,b,1,0.0,∅,False,a,False,1.0
49b,AND ESP,a,0,504.0,e̞,True,a,False,0.5
49b,AND ESP,a,0,505.0,ɛ,True,b,False,0.5
49b,AND ESP,a,2,43.0,k,False,a,False,1.0
49b,AND ESP,b,0,0.0,∅,True,a,False,1.0
49b,AND ESP,a,1,205.0,h,False,a,False,1.0
49b,ARG,a,1,0.0,∅,False,a,False,1.0
49b,ARG,a,0,0.0,∅,True,a,False,1.0
49b,ARG,a,2,177.0,θ,False,a,False,1.0
49b,ARO,a,1,181.0,s̪,False,a,False,1.0
49b,ARO,a,0,0.0,∅,True,a,False,1.0
49b,ARO,a,2,43.0,k,False,a,False,1.0
49b,ASL,a,0,508.0,ɪ,True,a,False,1.0
49b,ASL,b,0,0.0,∅,True,a,False,1.0
49b,ASL,a,1,187.0,s̠,False,a,False,1.0
49b,ASL,b,1,0.0,∅,False,a,False,1.0
49b,ASL,a,2,43.0,k,False,a,False,1.0
49b,ASL,b,2,177.0,θ,False,a,False,1.0
49b,BAL,b,0,514.0,ə,True,a,False,1.0
49b,BAL,a,1,0.0,∅,False,a,False,1.0
49b,BAL,a,2,187.0,s̠,False,a,False,1.0
49b,BAL,a,0,0.0,∅,True,a,False,1.0
49b,BAL,b,2,43.0,k,False,a,False,1.0
49b,BAL,b,1,187.0,s̠,False,a,False,1.0
49b,BR POR,a,2,183.0,s,False,a,False,1.0
49b,BR POR,b,2,43.0,k,False,a,False,1.0
49b,BR POR,a,1,0.0,∅,False,a,False,1.0
49b,BR POR,b,1,183.0,s,False,a,False,1.0
49b,BR POR,a,0,0.0,∅,True,a,False,1.0
49b,BR POR,b,0,502.0,i̞,True,a,False,1.0
49b,CAS ESP,b,1,0.0,∅,False,a,False,1.0
49b,CAS ESP,b,2,177.0,θ,False,a,False,1.0
49b,CAS ESP,a,1,187.0,s̠,False,a,False,1.0
49b,CAS ESP,a,0,504.0,e̞,True,a,False,1.0
49b,CAS ESP,a,2,43.0,k,False,a,False,1.0
49b,CAS ESP,b,0,0.0,∅,True,a,False,1.0
49b,CAT,a,1,0.0,∅,False,a,False,1.0
49b,CAT,a,2,187.0,s̠,False,a,False,1.0
49b,CAT,b,2,43.0,k,False,a,False,1.0
49b,CAT,a,0,0.0,∅,True,a,False,1.0
49b,CAT,b,0,514.0,ə,True,a,False,1.0
49b,CAT,b,1,187.0,s̠,False,a,False,1.0
49b,CPN SRD,b,1,187.0,s̠,False,a,False,1.0
49b,CPN SRD,a,2,0.0,∅,False,a,False,1.0
49b,CPN SRD,b,0,0.0,∅,True,a,False,1.0
49b,CPN SRD,b,2,43.0,k,False,a,False,1.0
49b,CPN SRD,a,0,0.0,∅,True,a,False,1.0
49b,CPN SRD,a,1,191.0,ʃ,False,a,False,1.0
49b,EU FRA,b,1,181.0,s̪,False,a,False,1.0
49b,EU FRA,a,2,181.0,s̪,False,a,False,1.0
49b,EU FRA,a,0,0.0,∅,True,a,False,1.0
49b,EU FRA,b,2,43.0,k,False,a,False,1.0
49b,EU FRA,b,0,503.0,e,True,a,False,1.0
49b,EU FRA,a,1,0.0,∅,False,a,False,1.0
49b,EU POR,b,0,501.0,i,True,a,False,1.0
49b,EU POR,b,2,43.0,k,False,a,False,1.0
49b,EU POR,a,0,0.0,∅,True,a,False,1.0
49b,EU POR,a,1,0.0,∅,False,a,False,1.0
49b,EU POR,b,1,191.0,ʃ,False,a,False,1.0
49b,EU POR,a,2,183.0,s,False,a,False,1.0
49b,GAL,b,2,177.0,θ,False,a,False,1.0
49b,GAL,b,2,183.0,s,False,b,True,0.0
49b,GAL,a,0,508.0,ɪ,True,a,False,1.0
49b,GAL,b,1,0.0,∅,False,a,False,1.0
49b,GAL,a,2,43.0,k,False,a,False,1.0
49b,GAL,b,0,0.0,∅,True,a,False,1.0
49b,GAL,a,1,187.0,s̠,False,a,False,1.0
49b,GAL,a,1,183.0,s,False,b,True,0.0
49b,GAS OCC,b,2,43.0,k,False,a,False,1.0
49b,GAS OCC,a,2,187.0,s̠,False,a,False,1.0
49b,GAS OCC,a,1,0.0,∅,False,a,False,1.0
49b,GAS OCC,b,0,503.0,e,True,a,False,1.0
49b,GAS OCC,b,1,187.0,s̠,False,a,False,1.0
49b,GAS OCC,a,0,0.0,∅,True,a,False,1.0
49b,ITA,a,2,0.0,∅,False,a,False,1.0
49b,ITA,b,0,0.0,∅,True,a,False,1.0
49b,ITA,b,1,183.0,s,False,a,False,1.0
49b,ITA,a,0,0.0,∅,True,a,False,1.0
49b,ITA,b,2,43.0,k,False,a,False,1.0
49b,ITA,a,1,191.0,ʃ,False,a,False,1.0
49b,LAT,a,2,43.0,k,False,a,False,1.0
49b,LAT,a,1,187.0,s̠,False,a,False,1.0
49b,LIG,b,1,183.0,s,False,a,False,1.0
49b,LIG,b,0,0.0,∅,True,a,False,1.0
49b,LIG,a,0,0.0,∅,True,a,False,1.0
49b,LIG,b,2,43.0,k,False,a,False,1.0
49b,LOG SRD,a,2,43.0,k,False,a,False,1.0
49b,LOG SRD,b,2,43.0,k,False,a,False,1.0
49b,LOG SRD,b,1,187.0,s̠,False,a,False,1.0
49b,LOG SRD,a,0,501.0,i,True,a,False,1.0
49b,LOG SRD,b,0,501.0,i,True,a,False,1.0
49b,LOG SRD,a,1,187.0,s̠,False,a,False,1.0
49b,OCC,b,0,503.0,e,True,a,False,1.0
49b,OCC,a,2,187.0,s̠,False,a,False,1.0
49b,OCC,b,1,187.0,s̠,False,a,False,1.0
49b,OCC,a,0,0.0,∅,True,a,False,1.0
49b,OCC,a,1,0.0,∅,False,a,False,1.0
49b,OCC,b,2,43.0,k,False,a,False,1.0
49b,QBC FRA,b,0,503.0,e,True,a,False,1.0
49b,QBC FRA,b,2,43.0,k,False,a,False,1.0
49b,QBC FRA,a,0,0.0,∅,True,a,False,1.0
49b,QBC FRA,a,2,181.0,s̪,False,a,False,1.0
49b,QBC FRA,a,1,0.0,∅,False,a,False,1.0
49b,QBC FRA,b,1,181.0,s̪,False,a,False,1.0
49b,ROM,b,1,191.0,ʃ,False,a,False,1.0
49b,ROM,a,2,43.0,k,False,a,False,1.0
49b,ROM,b,2,29.0,t̪,False,a,False,1.0
49b,ROM,b,0,0.0,∅,True,a,False,1.0
49b,ROM,a,0,0.0,∅,True,a,False,1.0
49b,ROM,a,1,181.0,s̪,False,a,False,1.0
49b,VAL,b,2,43.0,k,False,a,False,1.0
49b,VAL,b,1,187.0,s̠,False,a,False,1.0
49b,VAL,a,0,0.0,∅,True,a,False,1.0
49b,VAL,a,2,187.0,s̠,False,a,False,1.0
49b,VAL,a,1,0.0,∅,False,a,False,1.0
49b,VAL,b,0,504.0,e̞,True,a,False,1.0
49b,WAL,a,1,0.0,∅,False,a,False,1.0
49b,WAL,a,0,0.0,∅,True,a,False,1.0
50,ABR,a,2,43.0,k,False,a,False,1.0
50,ABR,a,0,0.0,∅,True,a,False,1.0
50,ABR,a,1,183.0,s,False,a,False,1.0
50,AMR ESP,a,0,504.0,e̞,True,a,False,1.0
50,AMR ESP,a,1,183.0,s,False,a,False,1.0
50,AMR ESP,a,2,43.0,k,False,a,False,1.0
50,AND ESP,a,0,504.0,e̞,True,a,False,0.5
50,AND ESP,a,0,505.0,ɛ,True,b,False,0.5
50,AND ESP,a,2,43.0,k,False,a,False,1.0
50,AND ESP,a,1,205.0,h,False,a,False,1.0
50,ARG,a,2,43.0,k,False,a,False,1.0
50,ARG,a,0,504.0,e̞,True,a,False,1.0
50,ARG,a,1,187.0,s̠,False,a,False,1.0
50,ARO,a,0,0.0,∅,True,a,False,1.0
50,ARO,a,2,43.0,k,False,a,False,1.0
50,ARO,a,1,181.0,s̪,False,a,False,1.0
50,ARP,a,1,0.0,∅,False,a,False,1.0
50,ARP,b,0,504.0,e̞,True,a,False,1.0
50,ARP,a,0,504.0,e̞,True,a,False,1.0
50,ARP,a,2,43.0,k,False,a,False,1.0
50,ARP,b,2,108.0,t̠͡ʃ,False,a,False,0.5
50,ARP,b,2,177.0,θ,False,b,False,0.5
50,ARP,b,1,0.0,∅,False,a,False,1.0
50,ASL,a,0,508.0,ɪ,True,a,False,1.0
50,ASL,a,2,43.0,k,False,a,False,1.0
50,ASL,a,1,187.0,s̠,False,a,False,1.0
50,BAL,a,1,187.0,s̠,False,a,False,1.0
50,BAL,a,2,43.0,k,False,a,False,1.0
50,BAL,a,0,514.0,ə,True,a,False,1.0
50,BR POR,a,2,43.0,k,False,a,False,1.0
50,BR POR,a,1,183.0,s,False,a,False,1.0
50,BR POR,a,0,502.0,i̞,True,a,False,1.0
50,CAM,a,2,43.0,k,False,a,False,1.0
50,CAM,a,1,191.0,ʃ,False,a,False,1.0
50,CAM,a,0,0.0,∅,True,a,False,1.0
50,CAS ESP,a,2,43.0,k,False,a,False,1.0
50,CAS ESP,a,1,187.0,s̠,False,a,False,1.0
50,CAS ESP,a,0,504.0,e̞,True,a,False,1.0
50,CAT,a,2,43.0,k,False,a,False,1.0
50,CAT,a,1,187.0,s̠,False,a,False,1.0
50,CAT,a,0,514.0,ə,True,a,False,0.5
50,CAT,a,0,516.0,ɐ,True,b,False,0.5
50,COR,a,2,43.0,k,False,a,False,1.0
50,COR,a,0,0.0,∅,True,a,False,1.0
50,COR,a,1,183.0,s,False,a,False,1.0
50,CPN SRD,a,0,0.0,∅,True,a,False,1.0
50,CPN SRD,a,1,183.0,s,False,a,False,1.0
50,CPN SRD,a,1,187.0,s̠,False,b,True,0.0
50,CPN SRD,a,2,43.0,k,False,a,False,1.0
50,EU FRA,b,0,503.0,e,True,a,False,1.0
50,EU FRA,b,1,0.0,∅,False,a,False,1.0
50,EU FRA,a,2,43.0,k,False,a,False,1.0
50,EU FRA,a,1,0.0,∅,False,a,False,1.0
50,EU FRA,b,2,191.0,ʃ,False,a,False,1.0
50,EU FRA,a,0,503.0,e,True,a,False,1.0
50,EU POR,a,1,191.0,ʃ,False,a,False,1.0
50,EU POR,a,2,43.0,k,False,a,False,1.0
50,EU POR,a,0,501.0,i,True,a,False,1.0
50,FUR,b,1,187.0,s̠,False,a,False,0.5
50,FUR,b,1,191.0,ʃ,False,b,False,0.5
50,FUR,a,1,187.0,s̠,False,a,False,0.5
50,FUR,a,1,191.0,ʃ,False,b,False,0.5
50,FUR,b,0,0.0,∅,True,a,False,1.0
50,FUR,a,2,43.0,k,False,a,False,1.0
50,FUR,b,2,39.0,c,False,a,False,0.5
50,FUR,b,2,108.0,t̠͡ʃ,False,b,False,0.5
50,FUR,a,0,0.0,∅,True,a,False,1.0
50,GAL,a,1,187.0,s̠,False,a,False,1.0
50,GAL,a,1,183.0,s,False,b,True,0.0
50,GAL,a,2,43.0,k,False,a,False,1.0
50,GAL,a,0,508.0,ɪ,True,a,False,1.0
50,GAS OCC,a,2,43.0,k,False,a,False,1.0
50,GAS OCC,a,0,503.0,e,True,a,False,1.0
50,GAS OCC,a,1,187.0,s̠,False,a,False,1.0
50,ITA,a,0,0.0,∅,True,a,False,1.0
50,ITA,a,1,183.0,s,False,a,False,1.0
50,ITA,a,2,43.0,k,False,a,False,1.0
50,LAT,a,1,187.0,s̠,False,a,False,1.0
50,LAT,a,2,43.0,k,False,a,False,1.0
50,LIG,a,0,0.0,∅,True,a,False,1.0
50,LIG,a,2,43.0,k,False,a,False,1.0
50,LIG,a,1,183.0,s,False,a,False,1.0
50,LIG,a,1,191.0,ʃ,False,b,True,0.0
50,LMO,a,1,187.0,s̠,False,a,False,1.0
50,LMO,a,0,0.0,∅,True,a,False,1.0
50,LMO,a,2,43.0,k,False,a,False,1.0
50,LOG SRD,a,1,187.0,s̠,False,a,False,1.0
50,LOG SRD,a,2,43.0,k,False,a,False,1.0
50,LOG SRD,a,0,501.0,i,True,a,False,1.0
50,OCC,b,0,503.0,e,True,a,False,1.0
50,OCC,a,2,43.0,k,False,a,False,1.0
50,OCC,b,1,187.0,s̠,False,a,False,1.0
50,OCC,a,1,187.0,s̠,False,a,False,1.0
50,OCC,b,2,43.0,k,False,a,False,1.0
50,OCC,b,2,100.0,t͡s,False,b,True,0.0
50,OCC,a,0,503.0,e,True,a,False,1.0
50,PGL,a,0,0.0,∅,True,a,False,1.0
50,PGL,a,1,183.0,s,False,a,False,1.0
50,PGL,a,2,43.0,k,False,a,False,1.0
50,QBC FRA,b,2,191.0,ʃ,False,a,False,1.0
50,QBC FRA,b,0,503.0,e,True,a,False,1.0
50,QBC FRA,a,2,43.0,k,False,a,False,1.0
50,QBC FRA,a,0,503.0,e,True,a,False,1.0
50,QBC FRA,a,1,0.0,∅,False,a,False,1.0
50,QBC FRA,b,1,0.0,∅,False,a,False,1.0
50,RMH,b,0,0.0,∅,True,a,False,1.0
50,RMH,b,2,43.0,k,False,a,False,0.5
50,RMH,b,2,39.0,c,False,b,False,0.5
50,RMH,a,1,191.0,ʃ,False,a,False,1.0
50,RMH,b,1,191.0,ʃ,False,a,False,1.0
50,RMH,a,0,0.0,∅,True,a,False,1.0
50,RMH,a,2,43.0,k,False,a,False,1.0
50,ROM,a,1,181.0,s̪,False,a,False,1.0
50,ROM,a,0,0.0,∅,True,a,False,1.0
50,ROM,a,2,43.0,k,False,a,False,1.0
50,SCN,a,1,183.0,s,False,a,False,0.5
50,SCN,a,1,191.0,ʃ,False,b,False,0.5
50,SCN,a,2,43.0,k,False,a,False,1.0
50,SCN,a,0,0.0,∅,True,a,False,1.0
50,VAL,a,2,43.0,k,False,a,False,1.0
50,VAL,a,0,504.0,e̞,True,a,False,1.0
50,VAL,a,1,187.0,s̠,False,a,False,1.0
50,VEN,a,0,0.0,∅,True,a,False,1.0
50,VEN,a,2,43.0,k,False,a,False,1.0
50,VEN,a,1,187.0,s̠,False,a,False,1.0
50,WAL,b,1,181.0,s̪,False,a,False,0.333333
50,WAL,b,1,191.0,ʃ,False,b,False,0.333333
50,WAL,b,1,205.0,h,False,c,False,0.333333
50,WAL,a,1,181.0,s̪,False,a,False,1.0
50,WAL,a,2,43.0,k,False,a,False,1.0
50,WAL,b,0,0.0,∅,True,a,False,1.0
50,WAL,b,2,191.0,ʃ,False,a,False,0.333333
50,WAL,b,2,43.0,k,False,b,False,0.333333
50,WAL,b,2,205.0,h,False,c,False,0.333333
50,WAL,a,0,0.0,∅,True,a,False,1.0
51,ABR,a,3,269.0,ɾ,False,a,False,1.0
51,ABR,a,2,29.0,t̪,False,a,False,1.0
51,ABR,a,1,183.0,s,False,a,False,1.0
51,ABR,a,0,0.0,∅,True,a,False,1.0
51,AMR ESP,a,0,504.0,e̞,True,a,False,1.0
51,AMR ESP,a,3,269.0,ɾ,False,a,False,1.0
51,AMR ESP,a,2,29.0,t̪,False,a,False,1.0
51,AMR ESP,a,1,183.0,s,False,a,False,1.0
51,AND ESP,a,2,29.0,t̪,False,a,False,1.0
51,AND ESP,a,3,269.0,ɾ,False,a,False,1.0
51,AND ESP,a,1,205.0,h,False,a,False,1.0
51,AND ESP,a,0,504.0,e̞,True,a,False,0.5
51,AND ESP,a,0,505.0,ɛ,True,b,False,0.5
51,ARG,a,1,187.0,s̠,False,a,False,1.0
51,ARG,a,2,29.0,t̪,False,a,False,1.0
51,ARG,a,0,504.0,e̞,True,a,False,1.0
51,ARG,a,3,269.0,ɾ,False,a,False,1.0
51,ARO,a,2,29.0,t̪,False,a,False,1.0
51,ARO,a,1,181.0,s̪,False,a,False,1.0
51,ARO,a,0,0.0,∅,True,a,False,1.0
51,ARO,a,3,267.0,ɾ̪,False,a,False,1.0
51,ARP,a,1,0.0,∅,False,a,False,1.0
51,ARP,a,2,29.0,t̪,False,a,False,1.0
51,ARP,a,3,269.0,ɾ,False,a,False,1.0
51,ARP,a,3,251.0,ʀ,False,b,True,0.0
51,ARP,a,0,504.0,e̞,True,a,False,1.0
51,ASL,a,2,29.0,t̪,False,a,False,1.0
51,ASL,a,3,269.0,ɾ,False,a,False,1.0
51,ASL,a,1,187.0,s̠,False,a,False,1.0
51,ASL,a,0,508.0,ɪ,True,a,False,1.0
51,BAL,a,2,29.0,t̪,False,a,False,1.0
51,BAL,a,0,514.0,ə,True,a,False,1.0
51,BAL,a,1,187.0,s̠,False,a,False,1.0
51,BAL,a,3,269.0,ɾ,False,a,False,1.0
51,BR POR,a,2,29.0,t̪,False,a,False,1.0
51,BR POR,a,3,269.0,ɾ,False,a,False,1.0
51,BR POR,a,0,502.0,i̞,True,a,False,1.0
51,BR POR,a,1,183.0,s,False,a,False,1.0
51,CAM,a,2,29.0,t̪,False,a,False,1.0
51,CAM,a,1,191.0,ʃ,False,a,False,1.0
51,CAM,a,3,269.0,ɾ,False,a,False,1.0
51,CAM,a,0,0.0,∅,True,a,False,1.0
51,CAS ESP,a,1,187.0,s̠,False,a,False,1.0
51,CAS ESP,a,2,29.0,t̪,False,a,False,1.0
51,CAS ESP,a,3,269.0,ɾ,False,a,False,1.0
51,CAS ESP,a,0,504.0,e̞,True,a,False,1.0
51,CAT,a,2,29.0,t̪,False,a,False,1.0
51,CAT,a,0,514.0,ə,True,a,False,0.5
51,CAT,a,0,516.0,ɐ,True,b,False,0.5
51,CAT,a,3,269.0,ɾ,False,a,False,1.0
51,CAT,a,1,187.0,s̠,False,a,False,1.0
51,COR,a,2,29.0,t̪,False,a,False,1.0
51,COR,a,1,183.0,s,False,a,False,1.0
51,COR,a,0,0.0,∅,True,a,False,1.0
51,COR,a,3,269.0,ɾ,False,a,False,1.0
51,CPN SRD,a,1,183.0,s,False,a,False,1.0
51,CPN SRD,a,1,187.0,s̠,False,b,True,0.0
51,CPN SRD,a,2,29.0,t̪,False,a,False,1.0
51,CPN SRD,a,0,0.0,∅,True,a,False,1.0
51,CPN SRD,a,3,269.0,ɾ,False,a,False,1.0
51,EU FRA,a,0,503.0,e,True,a,False,1.0
51,EU FRA,a,3,202.0,ʁ,False,a,False,1.0
51,EU FRA,a,3,251.0,ʀ,False,b,True,0.0
51,EU FRA,a,1,0.0,∅,False,a,False,1.0
51,EU FRA,a,2,29.0,t̪,False,a,False,1.0
51,EU POR,a,1,191.0,ʃ,False,a,False,1.0
51,EU POR,a,3,269.0,ɾ,False,a,False,1.0
51,EU POR,a,2,29.0,t̪,False,a,False,1.0
51,EU POR,a,0,501.0,i,True,a,False,1.0
51,FUR,a,2,29.0,t̪,False,a,False,1.0
51,FUR,a,3,269.0,ɾ,False,a,False,1.0
51,FUR,a,0,0.0,∅,True,a,False,1.0
51,FUR,a,1,187.0,s̠,False,a,False,0.5
51,FUR,a,1,191.0,ʃ,False,b,False,0.5
51,GAL,a,3,269.0,ɾ,False,a,False,1.0
51,GAL,a,1,187.0,s̠,False,a,False,1.0
51,GAL,a,1,183.0,s,False,b,True,0.0
51,GAL,a,0,508.0,ɪ,True,a,False,1.0
51,GAL,a,2,29.0,t̪,False,a,False,1.0
51,GAS OCC,a,0,503.0,e,True,a,False,1.0
51,GAS OCC,a,3,269.0,ɾ,False,a,False,1.0
51,GAS OCC,a,1,187.0,s̠,False,a,False,1.0
51,GAS OCC,a,2,29.0,t̪,False,a,False,1.0
51,ITA,a,3,269.0,ɾ,False,a,False,1.0
51,ITA,a,1,183.0,s,False,a,False,1.0
51,ITA,a,2,29.0,t̪,False,a,False,1.0
51,ITA,a,0,0.0,∅,True,a,False,1.0
51,LAT,a,3,269.0,ɾ,False,a,False,1.0
51,LAT,a,2,29.0,t̪,False,a,False,1.0
51,LAT,a,1,187.0,s̠,False,a,False,1.0
51,LIG,a,2,29.0,t̪,False,a,False,1.0
51,LIG,a,1,183.0,s,False,a,False,1.0
51,LIG,a,1,191.0,ʃ,False,b,True,0.0
51,LIG,a,0,0.0,∅,True,a,False,1.0
51,LIG,a,3,269.0,ɾ,False,a,False,1.0
51,LMO,a,0,0.0,∅,True,a,False,1.0
51,LMO,a,1,187.0,s̠,False,a,False,1.0
51,LMO,a,3,269.0,ɾ,False,a,False,1.0
51,LMO,a,2,29.0,t̪,False,a,False,1.0
51,LOG SRD,a,1,187.0,s̠,False,a,False,1.0
51,LOG SRD,a,2,29.0,t̪,False,a,False,1.0
51,LOG SRD,a,0,501.0,i,True,a,False,1.0
51,LOG SRD,a,3,269.0,ɾ,False,a,False,1.0
51,OCC,a,0,503.0,e,True,a,False,1.0
51,OCC,a,2,29.0,t̪,False,a,False,1.0
51,OCC,a,1,187.0,s̠,False,a,False,1.0
51,OCC,a,3,269.0,ɾ,False,a,False,1.0
51,OCC,a,3,251.0,ʀ,False,b,True,0.0
51,PGL,a,0,0.0,∅,True,a,False,1.0
51,PGL,a,3,269.0,ɾ,False,a,False,1.0
51,PGL,a,1,183.0,s,False,a,False,1.0
51,PGL,a,2,29.0,t̪,False,a,False,1.0
51,QBC FRA,a,3,202.0,ʁ,False,a,False,1.0
51,QBC FRA,a,3,251.0,ʀ,False,b,True,0.0
51,QBC FRA,a,1,0.0,∅,False,a,False,1.0
51,QBC FRA,a,2,29.0,t̪,False,a,False,1.0
51,QBC FRA,a,0,503.0,e,True,a,False,1.0
51,RMH,a,0,0.0,∅,True,a,False,1.0
51,RMH,a,1,191.0,ʃ,False,a,False,1.0
51,RMH,a,3,269.0,ɾ,False,a,False,1.0
51,RMH,a,2,29.0,t̪,False,a,False,1.0
51,ROM,a,1,181.0,s̪,False,a,False,1.0
51,ROM,a,2,29.0,t̪,False,a,False,1.0
51,ROM,a,0,0.0,∅,True,a,False,1.0
51,ROM,a,3,267.0,ɾ̪,False,a,False,1.0
51,SCN,a,0,0.0,∅,True,a,False,1.0
51,SCN,a,2,37.0,ʈ,False,a,False,1.0
51,SCN,a,1,183.0,s,False,a,False,0.5
51,SCN,a,1,191.0,ʃ,False,b,False,0.5
51,SCN,a,3,273.0,ɽ,False,a,False,0.5
51,SCN,a,3,0.0,∅,False,b,False,0.5
51,VAL,a,3,269.0,ɾ,False,a,False,1.0
51,VAL,a,2,29.0,t̪,False,a,False,1.0
51,VAL,a,1,187.0,s̠,False,a,False,1.0
51,VAL,a,0,504.0,e̞,True,a,False,1.0
51,VEN,a,3,269.0,ɾ,False,a,False,1.0
51,VEN,a,2,29.0,t̪,False,a,False,1.0
51,VEN,a,1,187.0,s̠,False,a,False,1.0
51,VEN,a,0,0.0,∅,True,a,False,1.0
51,WAL,a,3,251.0,ʀ,False,a,False,1.0
51,WAL,a,1,181.0,s̪,False,a,False,1.0
51,WAL,a,0,0.0,∅,True,a,False,1.0
51,WAL,a,2,29.0,t̪,False,a,False,1.0
52,ABR,a,3,269.0,ɾ,False,a,False,1.0
52,ABR,a,2,43.0,k,False,a,False,1.0
52,ABR,a,1,183.0,s,False,a,False,1.0
52,ABR,a,0,0.0,∅,True,a,False,1.0
52,AMR ESP,a,0,504.0,e̞,True,a,False,1.0
52,AMR ESP,a,3,269.0,ɾ,False,a,False,1.0
52,AMR ESP,a,2,43.0,k,False,a,False,1.0
52,AMR ESP,a,1,183.0,s,False,a,False,1.0
52,AND ESP,a,2,43.0,k,False,a,False,1.0
52,AND ESP,a,3,269.0,ɾ,False,a,False,1.0
52,AND ESP,a,1,205.0,h,False,a,False,1.0
52,AND ESP,a,0,504.0,e̞,True,a,False,0.5
52,AND ESP,a,0,505.0,ɛ,True,b,False,0.5
52,ARG,a,1,187.0,s̠,False,a,False,1.0
52,ARG,a,2,43.0,k,False,a,False,1.0
52,ARG,a,0,504.0,e̞,True,a,False,1.0
52,ARG,a,3,269.0,ɾ,False,a,False,1.0
52,ARO,a,2,43.0,k,False,a,False,1.0
52,ARO,a,1,181.0,s̪,False,a,False,1.0
52,ARO,a,0,0.0,∅,True,a,False,1.0
52,ARO,a,3,267.0,ɾ̪,False,a,False,1.0
52,ARP,a,1,0.0,∅,False,a,False,1.0
52,ARP,a,2,43.0,k,False,a,False,1.0
52,ARP,a,3,269.0,ɾ,False,a,False,1.0
52,ARP,a,3,251.0,ʀ,False,b,True,0.0
52,ARP,a,0,504.0,e̞,True,a,False,1.0
52,ASL,a,2,43.0,k,False,a,False,1.0
52,ASL,a,3,269.0,ɾ,False,a,False,1.0
52,ASL,a,1,187.0,s̠,False,a,False,1.0
52,ASL,a,0,508.0,ɪ,True,a,False,1.0
52,BAL,a,2,43.0,k,False,a,False,1.0
52,BAL,a,0,514.0,ə,True,a,False,1.0
52,BAL,a,1,187.0,s̠,False,a,False,1.0
52,BAL,a,3,269.0,ɾ,False,a,False,1.0
52,BR POR,a,2,43.0,k,False,a,False,1.0
52,BR POR,a,3,269.0,ɾ,False,a,False,1.0
52,BR POR,a,0,502.0,i̞,True,a,False,1.0
52,BR POR,a,1,183.0,s,False,a,False,1.0
52,CAM,a,2,43.0,k,False,a,False,1.0
52,CAM,a,1,191.0,ʃ,False,a,False,1.0
52,CAM,a,3,269.0,ɾ,False,a,False,1.0
52,CAM,a,0,0.0,∅,True,a,False,1.0
52,CAS ESP,a,1,187.0,s̠,False,a,False,1.0
52,CAS ESP,a,2,43.0,k,False,a,False,1.0
52,CAS ESP,a,3,269.0,ɾ,False,a,False,1.0
52,CAS ESP,a,0,504.0,e̞,True,a,False,1.0
52,CAT,a,2,43.0,k,False,a,False,1.0
52,CAT,a,0,514.0,ə,True,a,False,0.5
52,CAT,a,0,516.0,ɐ,True,b,False,0.5
52,CAT,a,3,269.0,ɾ,False,a,False,1.0
52,CAT,a,1,187.0,s̠,False,a,False,1.0
52,COR,a,2,43.0,k,False,a,False,1.0
52,COR,a,1,183.0,s,False,a,False,1.0
52,COR,a,0,0.0,∅,True,a,False,1.0
52,COR,a,3,269.0,ɾ,False,a,False,1.0
52,CPN SRD,a,1,183.0,s,False,a,False,1.0
52,CPN SRD,a,1,187.0,s̠,False,b,True,0.0
52,CPN SRD,a,2,43.0,k,False,a,False,1.0
52,CPN SRD,a,0,0.0,∅,True,a,False,1.0
52,CPN SRD,a,3,269.0,ɾ,False,a,False,1.0
52,EU FRA,a,0,503.0,e,True,a,False,1.0
52,EU FRA,a,3,202.0,ʁ,False,a,False,1.0
52,EU FRA,a,3,251.0,ʀ,False,b,True,0.0
52,EU FRA,a,1,0.0,∅,False,a,False,1.0
52,EU FRA,a,2,43.0,k,False,a,False,1.0
52,EU POR,a,1,191.0,ʃ,False,a,False,1.0
52,EU POR,a,3,269.0,ɾ,False,a,False,1.0
52,EU POR,a,2,43.0,k,False,a,False,1.0
52,EU POR,a,0,501.0,i,True,a,False,1.0
52,FUR,a,2,43.0,k,False,a,False,1.0
52,FUR,a,3,269.0,ɾ,False,a,False,1.0
52,FUR,a,0,0.0,∅,True,a,False,1.0
52,FUR,a,1,187.0,s̠,False,a,False,0.5
52,FUR,a,1,191.0,ʃ,False,b,False,0.5
52,GAL,a,3,269.0,ɾ,False,a,False,1.0
52,GAL,a,1,187.0,s̠,False,a,False,1.0
52,GAL,a,1,183.0,s,False,b,True,0.0
52,GAL,a,0,508.0,ɪ,True,a,False,1.0
52,GAL,a,2,43.0,k,False,a,False,1.0
52,GAS OCC,a,0,503.0,e,True,a,False,1.0
52,GAS OCC,a,3,269.0,ɾ,False,a,False,1.0
52,GAS OCC,a,1,187.0,s̠,False,a,False,1.0
52,GAS OCC,a,2,43.0,k,False,a,False,1.0
52,ITA,a,3,269.0,ɾ,False,a,False,1.0
52,ITA,a,1,183.0,s,False,a,False,1.0
52,ITA,a,2,43.0,k,False,a,False,1.0
52,ITA,a,0,0.0,∅,True,a,False,1.0
52,LAT,a,3,269.0,ɾ,False,a,False,1.0
52,LAT,a,2,43.0,k,False,a,False,1.0
52,LAT,a,1,187.0,s̠,False,a,False,1.0
52,LIG,a,2,43.0,k,False,a,False,1.0
52,LIG,a,1,183.0,s,False,a,False,1.0
52,LIG,a,1,191.0,ʃ,False,b,True,0.0
52,LIG,a,0,0.0,∅,True,a,False,1.0
52,LIG,a,3,269.0,ɾ,False,a,False,1.0
52,LMO,a,0,0.0,∅,True,a,False,1.0
52,LMO,a,1,187.0,s̠,False,a,False,1.0
52,LMO,a,3,269.0,ɾ,False,a,False,1.0
52,LMO,a,2,43.0,k,False,a,False,1.0
52,LOG SRD,a,1,187.0,s̠,False,a,False,1.0
52,LOG SRD,a,2,43.0,k,False,a,False,1.0
52,LOG SRD,a,0,501.0,i,True,a,False,1.0
52,LOG SRD,a,3,269.0,ɾ,False,a,False,1.0
52,OCC,a,0,503.0,e,True,a,False,1.0
52,OCC,a,2,43.0,k,False,a,False,1.0
52,OCC,a,1,187.0,s̠,False,a,False,1.0
52,OCC,a,3,269.0,ɾ,False,a,False,1.0
52,OCC,a,3,251.0,ʀ,False,b,True,0.0
52,PGL,a,0,0.0,∅,True,a,False,1.0
52,PGL,a,3,269.0,ɾ,False,a,False,1.0
52,PGL,a,1,183.0,s,False,a,False,1.0
52,PGL,a,2,43.0,k,False,a,False,1.0
52,QBC FRA,a,3,202.0,ʁ,False,a,False,1.0
52,QBC FRA,a,3,251.0,ʀ,False,b,True,0.0
52,QBC FRA,a,1,0.0,∅,False,a,False,1.0
52,QBC FRA,a,2,43.0,k,False,a,False,1.0
52,QBC FRA,a,0,503.0,e,True,a,False,1.0
52,RMH,a,0,0.0,∅,True,a,False,1.0
52,RMH,a,1,191.0,ʃ,False,a,False,1.0
52,RMH,a,3,269.0,ɾ,False,a,False,1.0
52,RMH,a,2,43.0,k,False,a,False,1.0
52,ROM,a,1,181.0,s̪,False,a,False,1.0
52,ROM,a,2,43.0,k,False,a,False,1.0
52,ROM,a,0,0.0,∅,True,a,False,1.0
52,ROM,a,3,267.0,ɾ̪,False,a,False,1.0
52,SCN,a,0,0.0,∅,True,a,False,1.0
52,SCN,a,2,43.0,k,False,a,False,1.0
52,SCN,a,1,183.0,s,False,a,False,0.5
52,SCN,a,1,191.0,ʃ,False,b,False,0.5
52,SCN,a,3,269.0,ɾ,False,a,False,1.0
52,VAL,a,3,269.0,ɾ,False,a,False,1.0
52,VAL,a,2,43.0,k,False,a,False,1.0
52,VAL,a,1,187.0,s̠,False,a,False,1.0
52,VAL,a,0,504.0,e̞,True,a,False,1.0
52,VEN,a,3,269.0,ɾ,False,a,False,1.0
52,VEN,a,2,43.0,k,False,a,False,1.0
52,VEN,a,1,187.0,s̠,False,a,False,1.0
52,VEN,a,0,0.0,∅,True,a,False,1.0
52,WAL,a,3,251.0,ʀ,False,a,False,1.0
52,WAL,a,1,181.0,s̪,False,a,False,1.0
52,WAL,a,0,0.0,∅,True,a,False,1.0
52,WAL,a,2,43.0,k,False,a,False,1.0
